close,datetime,symbol
44.01,2021-06-01 00:00:00,ELET3
44.58,2021-06-01 00:00:00,SLCE3
33.05,2021-06-01 00:00:00,SMTO3
19.87,2021-06-01 00:00:00,LOGN3
42.87,2021-06-01 00:00:00,ELET6
35.68,2021-06-01 00:00:00,HYPE3
16.18,2021-06-01 00:00:00,RECV3
24.85,2021-06-01 00:00:00,CPFE3
41.19,2021-06-01 00:00:00,RRRP3
76.98,2021-06-01 00:00:00,UNIP6
43.02,2021-06-02 00:00:00,ELET6
44.81,2021-06-02 00:00:00,SLCE3
44.17,2021-06-02 00:00:00,ELET3
35.11,2021-06-02 00:00:00,HYPE3
41.4,2021-06-02 00:00:00,RRRP3
33.46,2021-06-02 00:00:00,SMTO3
20.2,2021-06-02 00:00:00,LOGN3
24.84,2021-06-02 00:00:00,CPFE3
16.17,2021-06-02 00:00:00,RECV3
83.64,2021-06-02 00:00:00,UNIP6
16.68,2021-06-04 00:00:00,RECV3
34.74,2021-06-04 00:00:00,HYPE3
19.92,2021-06-04 00:00:00,LOGN3
44.45,2021-06-04 00:00:00,SLCE3
25.12,2021-06-04 00:00:00,CPFE3
33.68,2021-06-04 00:00:00,SMTO3
44.02,2021-06-04 00:00:00,ELET6
84.46,2021-06-04 00:00:00,UNIP6
41.24,2021-06-04 00:00:00,RRRP3
44.77,2021-06-04 00:00:00,ELET3
16.31,2021-06-07 00:00:00,RECV3
45.53,2021-06-07 00:00:00,ELET3
44.41,2021-06-07 00:00:00,ELET6
43.88,2021-06-07 00:00:00,SLCE3
33.52,2021-06-07 00:00:00,SMTO3
19.86,2021-06-07 00:00:00,LOGN3
25.22,2021-06-07 00:00:00,CPFE3
75.81,2021-06-07 00:00:00,UNIP6
35.83,2021-06-07 00:00:00,HYPE3
40.07,2021-06-07 00:00:00,RRRP3
16.05,2021-06-08 00:00:00,RECV3
33.63,2021-06-08 00:00:00,SMTO3
25.02,2021-06-08 00:00:00,CPFE3
71.48,2021-06-08 00:00:00,UNIP6
19.45,2021-06-08 00:00:00,LOGN3
34.7,2021-06-08 00:00:00,HYPE3
40.01,2021-06-08 00:00:00,RRRP3
43.72,2021-06-08 00:00:00,SLCE3
44.4,2021-06-08 00:00:00,ELET3
43.04,2021-06-08 00:00:00,ELET6
72.42,2021-06-09 00:00:00,UNIP6
16.06,2021-06-09 00:00:00,RECV3
44.39,2021-06-09 00:00:00,ELET3
19.42,2021-06-09 00:00:00,LOGN3
43.63,2021-06-09 00:00:00,SLCE3
39.55,2021-06-09 00:00:00,RRRP3
24.47,2021-06-09 00:00:00,CPFE3
35.72,2021-06-09 00:00:00,SMTO3
34.2,2021-06-09 00:00:00,HYPE3
43.09,2021-06-09 00:00:00,ELET6
35.7,2021-06-10 00:00:00,SMTO3
16.6,2021-06-10 00:00:00,RECV3
39.9,2021-06-10 00:00:00,RRRP3
44.49,2021-06-10 00:00:00,ELET3
43.4,2021-06-10 00:00:00,ELET6
19.46,2021-06-10 00:00:00,LOGN3
25.11,2021-06-10 00:00:00,CPFE3
35.19,2021-06-10 00:00:00,HYPE3
44.19,2021-06-10 00:00:00,SLCE3
72.47,2021-06-10 00:00:00,UNIP6
36.69,2021-06-11 00:00:00,SMTO3
24.48,2021-06-11 00:00:00,CPFE3
71.68,2021-06-11 00:00:00,UNIP6
39.64,2021-06-11 00:00:00,RRRP3
43.81,2021-06-11 00:00:00,SLCE3
44.57,2021-06-11 00:00:00,ELET3
16.59,2021-06-11 00:00:00,RECV3
42.89,2021-06-11 00:00:00,ELET6
34.14,2021-06-11 00:00:00,HYPE3
18.99,2021-06-11 00:00:00,LOGN3
35.86,2021-06-14 00:00:00,SMTO3
42.86,2021-06-14 00:00:00,ELET6
17.18,2021-06-14 00:00:00,RECV3
44.49,2021-06-14 00:00:00,ELET3
18.78,2021-06-14 00:00:00,LOGN3
34.31,2021-06-14 00:00:00,HYPE3
43.2,2021-06-14 00:00:00,SLCE3
41.8,2021-06-14 00:00:00,RRRP3
72.87,2021-06-14 00:00:00,UNIP6
24.66,2021-06-14 00:00:00,CPFE3
72.81,2021-06-15 00:00:00,UNIP6
43.29,2021-06-15 00:00:00,ELET6
43.41,2021-06-15 00:00:00,SLCE3
34.35,2021-06-15 00:00:00,HYPE3
17.89,2021-06-15 00:00:00,RECV3
43.81,2021-06-15 00:00:00,ELET3
36.55,2021-06-15 00:00:00,SMTO3
24.57,2021-06-15 00:00:00,CPFE3
18.4,2021-06-15 00:00:00,LOGN3
44.69,2021-06-15 00:00:00,RRRP3
43.17,2021-06-16 00:00:00,SLCE3
71.94,2021-06-16 00:00:00,UNIP6
18.64,2021-06-16 00:00:00,LOGN3
34.87,2021-06-16 00:00:00,HYPE3
35.93,2021-06-16 00:00:00,SMTO3
43,2021-06-16 00:00:00,ELET6
18.4,2021-06-16 00:00:00,RECV3
44.15,2021-06-16 00:00:00,ELET3
45.1,2021-06-16 00:00:00,RRRP3
24.31,2021-06-16 00:00:00,CPFE3
35.65,2021-06-17 00:00:00,SMTO3
24.53,2021-06-17 00:00:00,CPFE3
41.64,2021-06-17 00:00:00,ELET6
34.95,2021-06-17 00:00:00,HYPE3
18.57,2021-06-17 00:00:00,RECV3
42.81,2021-06-17 00:00:00,ELET3
18.47,2021-06-17 00:00:00,LOGN3
41.97,2021-06-17 00:00:00,SLCE3
44.2,2021-06-17 00:00:00,RRRP3
67.15,2021-06-17 00:00:00,UNIP6
18.37,2021-06-18 00:00:00,RECV3
35.17,2021-06-18 00:00:00,HYPE3
71.14,2021-06-18 00:00:00,UNIP6
45.37,2021-06-18 00:00:00,ELET3
24.34,2021-06-18 00:00:00,CPFE3
18.69,2021-06-18 00:00:00,LOGN3
44.11,2021-06-18 00:00:00,ELET6
45.3,2021-06-18 00:00:00,RRRP3
35.34,2021-06-18 00:00:00,SMTO3
41.96,2021-06-18 00:00:00,SLCE3
46.7,2021-06-21 00:00:00,ELET3
45.62,2021-06-21 00:00:00,ELET6
19.16,2021-06-21 00:00:00,RECV3
35.5,2021-06-21 00:00:00,SMTO3
74.03,2021-06-21 00:00:00,UNIP6
48.86,2021-06-21 00:00:00,RRRP3
42.42,2021-06-21 00:00:00,SLCE3
18.54,2021-06-21 00:00:00,LOGN3
35.39,2021-06-21 00:00:00,HYPE3
24.21,2021-06-21 00:00:00,CPFE3
24.01,2021-06-22 00:00:00,CPFE3
42.7,2021-06-22 00:00:00,SLCE3
35.5,2021-06-22 00:00:00,HYPE3
18.33,2021-06-22 00:00:00,LOGN3
35.23,2021-06-22 00:00:00,SMTO3
73.58,2021-06-22 00:00:00,UNIP6
18.82,2021-06-22 00:00:00,RECV3
46.21,2021-06-22 00:00:00,ELET3
48.1,2021-06-22 00:00:00,RRRP3
45.55,2021-06-22 00:00:00,ELET6
45.64,2021-06-23 00:00:00,ELET3
34.99,2021-06-23 00:00:00,SMTO3
23.58,2021-06-23 00:00:00,CPFE3
73.84,2021-06-23 00:00:00,UNIP6
44.48,2021-06-23 00:00:00,ELET6
47.71,2021-06-23 00:00:00,RRRP3
42.33,2021-06-23 00:00:00,SLCE3
18.33,2021-06-23 00:00:00,LOGN3
35.28,2021-06-23 00:00:00,HYPE3
18.81,2021-06-23 00:00:00,RECV3
44.48,2021-06-24 00:00:00,ELET6
46.61,2021-06-24 00:00:00,RRRP3
34.75,2021-06-24 00:00:00,SMTO3
18.82,2021-06-24 00:00:00,LOGN3
35.43,2021-06-24 00:00:00,HYPE3
23.76,2021-06-24 00:00:00,CPFE3
45.05,2021-06-24 00:00:00,ELET3
42.29,2021-06-24 00:00:00,SLCE3
74.87,2021-06-24 00:00:00,UNIP6
19.72,2021-06-24 00:00:00,RECV3
42.86,2021-06-25 00:00:00,ELET6
41.4,2021-06-25 00:00:00,SLCE3
19.46,2021-06-25 00:00:00,RECV3
46.25,2021-06-25 00:00:00,RRRP3
72.53,2021-06-25 00:00:00,UNIP6
23.16,2021-06-25 00:00:00,CPFE3
33.72,2021-06-25 00:00:00,SMTO3
18.45,2021-06-25 00:00:00,LOGN3
34.2,2021-06-25 00:00:00,HYPE3
43.5,2021-06-25 00:00:00,ELET3
23,2021-06-28 00:00:00,CPFE3
19.17,2021-06-28 00:00:00,RECV3
19,2021-06-28 00:00:00,LOGN3
33.61,2021-06-28 00:00:00,SMTO3
74.1,2021-06-28 00:00:00,UNIP6
46.33,2021-06-28 00:00:00,RRRP3
43.04,2021-06-28 00:00:00,ELET6
43.7,2021-06-28 00:00:00,ELET3
42.45,2021-06-28 00:00:00,SLCE3
34.19,2021-06-28 00:00:00,HYPE3
77.62,2021-06-29 00:00:00,UNIP6
46.07,2021-06-29 00:00:00,RRRP3
33.07,2021-06-29 00:00:00,SMTO3
33.72,2021-06-29 00:00:00,HYPE3
43.01,2021-06-29 00:00:00,ELET3
18.77,2021-06-29 00:00:00,LOGN3
22.84,2021-06-29 00:00:00,CPFE3
42.73,2021-06-29 00:00:00,SLCE3
19.51,2021-06-29 00:00:00,RECV3
42.3,2021-06-29 00:00:00,ELET6
33.4,2021-06-30 00:00:00,HYPE3
44.52,2021-06-30 00:00:00,SLCE3
45.34,2021-06-30 00:00:00,RRRP3
33.95,2021-06-30 00:00:00,SMTO3
77.01,2021-06-30 00:00:00,UNIP6
18.87,2021-06-30 00:00:00,LOGN3
19.62,2021-06-30 00:00:00,RECV3
41.63,2021-06-30 00:00:00,ELET6
42.38,2021-06-30 00:00:00,ELET3
22.63,2021-06-30 00:00:00,CPFE3
19.39,2021-07-01 00:00:00,RECV3
18.39,2021-07-01 00:00:00,LOGN3
33.89,2021-07-01 00:00:00,SMTO3
41.65,2021-07-01 00:00:00,ELET6
45.11,2021-07-01 00:00:00,SLCE3
42.62,2021-07-01 00:00:00,ELET3
77.17,2021-07-01 00:00:00,UNIP6
45.75,2021-07-01 00:00:00,RRRP3
22.34,2021-07-01 00:00:00,CPFE3
33.01,2021-07-01 00:00:00,HYPE3
41.61,2021-07-02 00:00:00,ELET6
20.1,2021-07-02 00:00:00,RECV3
34.99,2021-07-02 00:00:00,SMTO3
76.36,2021-07-02 00:00:00,UNIP6
18.51,2021-07-02 00:00:00,LOGN3
22.56,2021-07-02 00:00:00,CPFE3
44.67,2021-07-02 00:00:00,SLCE3
33.37,2021-07-02 00:00:00,HYPE3
42.76,2021-07-02 00:00:00,ELET3
46.2,2021-07-02 00:00:00,RRRP3
33.31,2021-07-05 00:00:00,HYPE3
46.74,2021-07-05 00:00:00,SLCE3
22.67,2021-07-05 00:00:00,CPFE3
75.41,2021-07-05 00:00:00,UNIP6
35.07,2021-07-05 00:00:00,SMTO3
42.14,2021-07-05 00:00:00,ELET3
20.54,2021-07-05 00:00:00,RECV3
46.86,2021-07-05 00:00:00,RRRP3
41.03,2021-07-05 00:00:00,ELET6
19.07,2021-07-05 00:00:00,LOGN3
72.6,2021-07-06 00:00:00,UNIP6
22.46,2021-07-06 00:00:00,CPFE3
32.83,2021-07-06 00:00:00,HYPE3
41.86,2021-07-06 00:00:00,ELET3
45.19,2021-07-06 00:00:00,SLCE3
20.22,2021-07-06 00:00:00,RECV3
18.43,2021-07-06 00:00:00,LOGN3
33.72,2021-07-06 00:00:00,SMTO3
46.16,2021-07-06 00:00:00,RRRP3
40.49,2021-07-06 00:00:00,ELET6
33.04,2021-07-07 00:00:00,SMTO3
43.6,2021-07-07 00:00:00,SLCE3
42.22,2021-07-07 00:00:00,ELET3
20.06,2021-07-07 00:00:00,RECV3
18.69,2021-07-07 00:00:00,LOGN3
41.05,2021-07-07 00:00:00,ELET6
72.82,2021-07-07 00:00:00,UNIP6
33.27,2021-07-07 00:00:00,HYPE3
47.01,2021-07-07 00:00:00,RRRP3
22.59,2021-07-07 00:00:00,CPFE3
46,2021-07-08 00:00:00,RRRP3
41.91,2021-07-08 00:00:00,ELET3
42.31,2021-07-08 00:00:00,SLCE3
22.29,2021-07-08 00:00:00,CPFE3
18.53,2021-07-08 00:00:00,LOGN3
72.71,2021-07-08 00:00:00,UNIP6
40.69,2021-07-08 00:00:00,ELET6
19.12,2021-07-08 00:00:00,RECV3
32.08,2021-07-08 00:00:00,SMTO3
32.9,2021-07-08 00:00:00,HYPE3
18.59,2021-07-12 00:00:00,LOGN3
32.86,2021-07-12 00:00:00,SMTO3
19.28,2021-07-12 00:00:00,RECV3
33.21,2021-07-12 00:00:00,HYPE3
41.38,2021-07-12 00:00:00,SLCE3
46.53,2021-07-12 00:00:00,RRRP3
42.82,2021-07-12 00:00:00,ELET3
41.3,2021-07-12 00:00:00,ELET6
74.28,2021-07-12 00:00:00,UNIP6
22.67,2021-07-12 00:00:00,CPFE3
41.66,2021-07-13 00:00:00,SLCE3
19.04,2021-07-13 00:00:00,LOGN3
33.35,2021-07-13 00:00:00,SMTO3
35.32,2021-07-13 00:00:00,HYPE3
19.07,2021-07-13 00:00:00,RECV3
42.55,2021-07-13 00:00:00,ELET3
46.22,2021-07-13 00:00:00,RRRP3
41.08,2021-07-13 00:00:00,ELET6
22.36,2021-07-13 00:00:00,CPFE3
72.94,2021-07-13 00:00:00,UNIP6
45.4,2021-07-14 00:00:00,RRRP3
40.95,2021-07-14 00:00:00,SLCE3
34.28,2021-07-14 00:00:00,HYPE3
18.86,2021-07-14 00:00:00,LOGN3
41.94,2021-07-14 00:00:00,ELET6
19.18,2021-07-14 00:00:00,RECV3
22.73,2021-07-14 00:00:00,CPFE3
74.88,2021-07-14 00:00:00,UNIP6
43.39,2021-07-14 00:00:00,ELET3
33.05,2021-07-14 00:00:00,SMTO3
18.46,2021-07-15 00:00:00,RECV3
41.96,2021-07-15 00:00:00,ELET6
76.29,2021-07-15 00:00:00,UNIP6
18.71,2021-07-15 00:00:00,LOGN3
43.55,2021-07-15 00:00:00,RRRP3
32.7,2021-07-15 00:00:00,SMTO3
41.04,2021-07-15 00:00:00,SLCE3
22.65,2021-07-15 00:00:00,CPFE3
33.91,2021-07-15 00:00:00,HYPE3
43.16,2021-07-15 00:00:00,ELET3
32.43,2021-07-16 00:00:00,SMTO3
22.33,2021-07-16 00:00:00,CPFE3
41.07,2021-07-16 00:00:00,SLCE3
18.55,2021-07-16 00:00:00,LOGN3
18.76,2021-07-16 00:00:00,RECV3
41.91,2021-07-16 00:00:00,ELET6
43.39,2021-07-16 00:00:00,ELET3
43.39,2021-07-16 00:00:00,RRRP3
76.12,2021-07-16 00:00:00,UNIP6
34.04,2021-07-16 00:00:00,HYPE3
41.44,2021-07-19 00:00:00,ELET6
73.77,2021-07-19 00:00:00,UNIP6
33.82,2021-07-19 00:00:00,HYPE3
42.7,2021-07-19 00:00:00,ELET3
41.85,2021-07-19 00:00:00,RRRP3
22.06,2021-07-19 00:00:00,CPFE3
18.15,2021-07-19 00:00:00,RECV3
31.67,2021-07-19 00:00:00,SMTO3
18.26,2021-07-19 00:00:00,LOGN3
38.9,2021-07-19 00:00:00,SLCE3
22.04,2021-07-20 00:00:00,CPFE3
42,2021-07-20 00:00:00,RRRP3
33.43,2021-07-20 00:00:00,HYPE3
42.62,2021-07-20 00:00:00,ELET3
41.41,2021-07-20 00:00:00,ELET6
40.53,2021-07-20 00:00:00,SLCE3
74.76,2021-07-20 00:00:00,UNIP6
18.56,2021-07-20 00:00:00,LOGN3
32.56,2021-07-20 00:00:00,SMTO3
18.37,2021-07-20 00:00:00,RECV3
32.49,2021-07-21 00:00:00,SMTO3
22.18,2021-07-21 00:00:00,CPFE3
42.09,2021-07-21 00:00:00,RRRP3
33.44,2021-07-21 00:00:00,HYPE3
18.96,2021-07-21 00:00:00,RECV3
42.39,2021-07-21 00:00:00,ELET3
18.39,2021-07-21 00:00:00,LOGN3
39.86,2021-07-21 00:00:00,SLCE3
41.26,2021-07-21 00:00:00,ELET6
76.23,2021-07-21 00:00:00,UNIP6
42.46,2021-07-22 00:00:00,ELET3
34.2,2021-07-22 00:00:00,HYPE3
41.45,2021-07-22 00:00:00,ELET6
22.34,2021-07-22 00:00:00,CPFE3
76.19,2021-07-22 00:00:00,UNIP6
32.44,2021-07-22 00:00:00,SMTO3
39.93,2021-07-22 00:00:00,SLCE3
18.66,2021-07-22 00:00:00,LOGN3
42.54,2021-07-22 00:00:00,RRRP3
18.87,2021-07-22 00:00:00,RECV3
32.29,2021-07-23 00:00:00,SMTO3
42.2,2021-07-23 00:00:00,RRRP3
18.61,2021-07-23 00:00:00,LOGN3
21.99,2021-07-23 00:00:00,CPFE3
18.87,2021-07-23 00:00:00,RECV3
41.54,2021-07-23 00:00:00,ELET3
40.5,2021-07-23 00:00:00,ELET6
74.43,2021-07-23 00:00:00,UNIP6
39.87,2021-07-23 00:00:00,SLCE3
35.41,2021-07-23 00:00:00,HYPE3
31.95,2021-07-26 00:00:00,SMTO3
21.86,2021-07-26 00:00:00,CPFE3
40.28,2021-07-26 00:00:00,ELET6
18.4,2021-07-26 00:00:00,LOGN3
41.52,2021-07-26 00:00:00,ELET3
35.39,2021-07-26 00:00:00,HYPE3
42.4,2021-07-26 00:00:00,RRRP3
18.43,2021-07-26 00:00:00,RECV3
39.59,2021-07-26 00:00:00,SLCE3
73.84,2021-07-26 00:00:00,UNIP6
31.47,2021-07-27 00:00:00,SMTO3
40.1,2021-07-27 00:00:00,RRRP3
22.27,2021-07-27 00:00:00,CPFE3
18.07,2021-07-27 00:00:00,RECV3
39.26,2021-07-27 00:00:00,SLCE3
34.56,2021-07-27 00:00:00,HYPE3
40.45,2021-07-27 00:00:00,ELET6
18.06,2021-07-27 00:00:00,LOGN3
73.59,2021-07-27 00:00:00,UNIP6
41.71,2021-07-27 00:00:00,ELET3
18.28,2021-07-28 00:00:00,LOGN3
40.05,2021-07-28 00:00:00,RRRP3
22.27,2021-07-28 00:00:00,CPFE3
35.34,2021-07-28 00:00:00,HYPE3
41.05,2021-07-28 00:00:00,ELET6
17.69,2021-07-28 00:00:00,RECV3
31.44,2021-07-28 00:00:00,SMTO3
41.91,2021-07-28 00:00:00,ELET3
40,2021-07-28 00:00:00,SLCE3
74.4,2021-07-28 00:00:00,UNIP6
35.61,2021-07-29 00:00:00,HYPE3
21.74,2021-07-29 00:00:00,CPFE3
39.25,2021-07-29 00:00:00,RRRP3
40.02,2021-07-29 00:00:00,SLCE3
74.04,2021-07-29 00:00:00,UNIP6
18.17,2021-07-29 00:00:00,RECV3
41.51,2021-07-29 00:00:00,ELET3
18.5,2021-07-29 00:00:00,LOGN3
31.31,2021-07-29 00:00:00,SMTO3
40.38,2021-07-29 00:00:00,ELET6
17.77,2021-07-30 00:00:00,RECV3
39.51,2021-07-30 00:00:00,ELET3
34.8,2021-07-30 00:00:00,HYPE3
39.03,2021-07-30 00:00:00,SLCE3
38.71,2021-07-30 00:00:00,RRRP3
18.05,2021-07-30 00:00:00,LOGN3
39.01,2021-07-30 00:00:00,ELET6
71.7,2021-07-30 00:00:00,UNIP6
30.12,2021-07-30 00:00:00,SMTO3
21.3,2021-07-30 00:00:00,CPFE3
36.12,2021-08-02 00:00:00,HYPE3
18.28,2021-08-02 00:00:00,LOGN3
39.03,2021-08-02 00:00:00,ELET6
21.38,2021-08-02 00:00:00,CPFE3
39.68,2021-08-02 00:00:00,SLCE3
40.62,2021-08-02 00:00:00,RRRP3
39.57,2021-08-02 00:00:00,ELET3
18.13,2021-08-02 00:00:00,RECV3
71.97,2021-08-02 00:00:00,UNIP6
30.4,2021-08-02 00:00:00,SMTO3
39.78,2021-08-03 00:00:00,ELET3
30.64,2021-08-03 00:00:00,SMTO3
21.47,2021-08-03 00:00:00,CPFE3
18.18,2021-08-03 00:00:00,RECV3
72.86,2021-08-03 00:00:00,UNIP6
39.12,2021-08-03 00:00:00,ELET6
40.98,2021-08-03 00:00:00,RRRP3
35.9,2021-08-03 00:00:00,HYPE3
39.42,2021-08-03 00:00:00,SLCE3
18.46,2021-08-03 00:00:00,LOGN3
36,2021-08-04 00:00:00,HYPE3
37.78,2021-08-04 00:00:00,SLCE3
39.72,2021-08-04 00:00:00,ELET3
39.85,2021-08-04 00:00:00,RRRP3
18.35,2021-08-04 00:00:00,LOGN3
30.37,2021-08-04 00:00:00,SMTO3
73.39,2021-08-04 00:00:00,UNIP6
21.57,2021-08-04 00:00:00,CPFE3
38.78,2021-08-04 00:00:00,ELET6
17.26,2021-08-04 00:00:00,RECV3
75.03,2021-08-05 00:00:00,UNIP6
35.58,2021-08-05 00:00:00,HYPE3
21.04,2021-08-05 00:00:00,CPFE3
18.19,2021-08-05 00:00:00,LOGN3
37.7,2021-08-05 00:00:00,SLCE3
38.9,2021-08-05 00:00:00,ELET3
39.3,2021-08-05 00:00:00,RRRP3
38.29,2021-08-05 00:00:00,ELET6
29.94,2021-08-05 00:00:00,SMTO3
17.38,2021-08-05 00:00:00,RECV3
16.87,2021-08-06 00:00:00,RECV3
75.34,2021-08-06 00:00:00,UNIP6
38.64,2021-08-06 00:00:00,RRRP3
18.46,2021-08-06 00:00:00,LOGN3
35.51,2021-08-06 00:00:00,HYPE3
39.35,2021-08-06 00:00:00,ELET6
40.49,2021-08-06 00:00:00,ELET3
21.04,2021-08-06 00:00:00,CPFE3
37.06,2021-08-06 00:00:00,SLCE3
29.57,2021-08-06 00:00:00,SMTO3
35.8,2021-08-09 00:00:00,HYPE3
38.6,2021-08-09 00:00:00,RRRP3
29.95,2021-08-09 00:00:00,SMTO3
77.72,2021-08-09 00:00:00,UNIP6
39.73,2021-08-09 00:00:00,ELET3
37.52,2021-08-09 00:00:00,SLCE3
17.07,2021-08-09 00:00:00,RECV3
21.17,2021-08-09 00:00:00,CPFE3
38.91,2021-08-09 00:00:00,ELET6
19.22,2021-08-09 00:00:00,LOGN3
20.86,2021-08-10 00:00:00,CPFE3
37.34,2021-08-10 00:00:00,SLCE3
38.35,2021-08-10 00:00:00,ELET6
17.52,2021-08-10 00:00:00,RECV3
18.97,2021-08-10 00:00:00,LOGN3
35.5,2021-08-10 00:00:00,HYPE3
37.96,2021-08-10 00:00:00,RRRP3
77.41,2021-08-10 00:00:00,UNIP6
31.31,2021-08-10 00:00:00,SMTO3
39.18,2021-08-10 00:00:00,ELET3
18.77,2021-08-11 00:00:00,LOGN3
31.31,2021-08-11 00:00:00,SMTO3
37.9,2021-08-11 00:00:00,RRRP3
35.77,2021-08-11 00:00:00,HYPE3
18.08,2021-08-11 00:00:00,RECV3
79.53,2021-08-11 00:00:00,UNIP6
38.44,2021-08-11 00:00:00,ELET6
20.61,2021-08-11 00:00:00,CPFE3
39.11,2021-08-11 00:00:00,ELET3
37.78,2021-08-11 00:00:00,SLCE3
37.67,2021-08-12 00:00:00,ELET6
38.49,2021-08-12 00:00:00,ELET3
18.05,2021-08-12 00:00:00,LOGN3
37.73,2021-08-12 00:00:00,SLCE3
20.52,2021-08-12 00:00:00,CPFE3
37.58,2021-08-12 00:00:00,RRRP3
79.06,2021-08-12 00:00:00,UNIP6
35.32,2021-08-12 00:00:00,HYPE3
17.88,2021-08-12 00:00:00,RECV3
30.84,2021-08-12 00:00:00,SMTO3
17.25,2021-08-13 00:00:00,LOGN3
22.22,2021-08-13 00:00:00,CPFE3
36.16,2021-08-13 00:00:00,RRRP3
17.38,2021-08-13 00:00:00,RECV3
38.3,2021-08-13 00:00:00,ELET3
31.11,2021-08-13 00:00:00,SMTO3
37.43,2021-08-13 00:00:00,ELET6
35.7,2021-08-13 00:00:00,HYPE3
37.65,2021-08-13 00:00:00,SLCE3
78.89,2021-08-13 00:00:00,UNIP6
30.43,2021-08-16 00:00:00,SMTO3
22.68,2021-08-16 00:00:00,CPFE3
37.07,2021-08-16 00:00:00,ELET3
34.65,2021-08-16 00:00:00,HYPE3
36.56,2021-08-16 00:00:00,ELET6
16.15,2021-08-16 00:00:00,RECV3
16.06,2021-08-16 00:00:00,LOGN3
37.12,2021-08-16 00:00:00,SLCE3
33.8,2021-08-16 00:00:00,RRRP3
75.6,2021-08-16 00:00:00,UNIP6
32.52,2021-08-17 00:00:00,RRRP3
22.71,2021-08-17 00:00:00,CPFE3
36.31,2021-08-17 00:00:00,ELET6
37.16,2021-08-17 00:00:00,ELET3
16.21,2021-08-17 00:00:00,LOGN3
29.64,2021-08-17 00:00:00,SMTO3
33.72,2021-08-17 00:00:00,HYPE3
36.07,2021-08-17 00:00:00,SLCE3
15.5,2021-08-17 00:00:00,RECV3
72.9,2021-08-17 00:00:00,UNIP6
36.53,2021-08-18 00:00:00,ELET3
14.96,2021-08-18 00:00:00,RECV3
22.25,2021-08-18 00:00:00,CPFE3
36.19,2021-08-18 00:00:00,SLCE3
33.21,2021-08-18 00:00:00,HYPE3
36.16,2021-08-18 00:00:00,ELET6
33,2021-08-18 00:00:00,RRRP3
15.5,2021-08-18 00:00:00,LOGN3
30.22,2021-08-18 00:00:00,SMTO3
73.29,2021-08-18 00:00:00,UNIP6
23.17,2021-08-19 00:00:00,CPFE3
34.25,2021-08-19 00:00:00,HYPE3
31.31,2021-08-19 00:00:00,SMTO3
73.26,2021-08-19 00:00:00,UNIP6
37.21,2021-08-19 00:00:00,ELET3
15.62,2021-08-19 00:00:00,LOGN3
36.71,2021-08-19 00:00:00,ELET6
33.8,2021-08-19 00:00:00,RRRP3
15.5,2021-08-19 00:00:00,RECV3
36.91,2021-08-19 00:00:00,SLCE3
34.62,2021-08-20 00:00:00,HYPE3
36.58,2021-08-20 00:00:00,SLCE3
31.54,2021-08-20 00:00:00,SMTO3
23.59,2021-08-20 00:00:00,CPFE3
34.93,2021-08-20 00:00:00,RRRP3
74.31,2021-08-20 00:00:00,UNIP6
15.1,2021-08-20 00:00:00,RECV3
36.91,2021-08-20 00:00:00,ELET6
15.47,2021-08-20 00:00:00,LOGN3
37.43,2021-08-20 00:00:00,ELET3
36.9,2021-08-23 00:00:00,ELET3
36.57,2021-08-23 00:00:00,ELET6
31.76,2021-08-23 00:00:00,SMTO3
36.7,2021-08-23 00:00:00,SLCE3
15.3,2021-08-23 00:00:00,LOGN3
74.1,2021-08-23 00:00:00,UNIP6
23.3,2021-08-23 00:00:00,CPFE3
34.47,2021-08-23 00:00:00,HYPE3
15.79,2021-08-23 00:00:00,RECV3
34.5,2021-08-23 00:00:00,RRRP3
38.34,2021-08-24 00:00:00,ELET3
37.79,2021-08-24 00:00:00,ELET6
24.19,2021-08-24 00:00:00,CPFE3
76.6,2021-08-24 00:00:00,UNIP6
37.1,2021-08-24 00:00:00,SLCE3
15.42,2021-08-24 00:00:00,LOGN3
36.86,2021-08-24 00:00:00,RRRP3
33.96,2021-08-24 00:00:00,HYPE3
32.06,2021-08-24 00:00:00,SMTO3
16.29,2021-08-24 00:00:00,RECV3
36.2,2021-08-25 00:00:00,RRRP3
37.93,2021-08-25 00:00:00,ELET6
34.2,2021-08-25 00:00:00,HYPE3
32.75,2021-08-25 00:00:00,SMTO3
38.33,2021-08-25 00:00:00,ELET3
15.84,2021-08-25 00:00:00,LOGN3
36.8,2021-08-25 00:00:00,SLCE3
16.67,2021-08-25 00:00:00,RECV3
76.55,2021-08-25 00:00:00,UNIP6
24.41,2021-08-25 00:00:00,CPFE3
35.35,2021-08-26 00:00:00,RRRP3
31.45,2021-08-26 00:00:00,SMTO3
75.95,2021-08-26 00:00:00,UNIP6
24.23,2021-08-26 00:00:00,CPFE3
37.56,2021-08-26 00:00:00,ELET6
15.74,2021-08-26 00:00:00,LOGN3
38.1,2021-08-26 00:00:00,ELET3
33.72,2021-08-26 00:00:00,HYPE3
35.82,2021-08-26 00:00:00,SLCE3
16.36,2021-08-26 00:00:00,RECV3
33.67,2021-08-27 00:00:00,HYPE3
31.8,2021-08-27 00:00:00,SMTO3
37.59,2021-08-27 00:00:00,ELET6
37.9,2021-08-27 00:00:00,RRRP3
24.38,2021-08-27 00:00:00,CPFE3
17.5,2021-08-27 00:00:00,RECV3
76.04,2021-08-27 00:00:00,UNIP6
36.21,2021-08-27 00:00:00,SLCE3
16.27,2021-08-27 00:00:00,LOGN3
38.12,2021-08-27 00:00:00,ELET3
36.47,2021-08-30 00:00:00,SLCE3
17.68,2021-08-30 00:00:00,RECV3
74.53,2021-08-30 00:00:00,UNIP6
16.18,2021-08-30 00:00:00,LOGN3
36.89,2021-08-30 00:00:00,ELET6
37.25,2021-08-30 00:00:00,ELET3
31.93,2021-08-30 00:00:00,SMTO3
33.55,2021-08-30 00:00:00,HYPE3
38.79,2021-08-30 00:00:00,RRRP3
24.41,2021-08-30 00:00:00,CPFE3
35.34,2021-08-31 00:00:00,SLCE3
38.44,2021-08-31 00:00:00,RRRP3
31.03,2021-08-31 00:00:00,SMTO3
15.83,2021-08-31 00:00:00,LOGN3
36.94,2021-08-31 00:00:00,ELET3
34.72,2021-08-31 00:00:00,HYPE3
73.44,2021-08-31 00:00:00,UNIP6
17.5,2021-08-31 00:00:00,RECV3
36.34,2021-08-31 00:00:00,ELET6
24.43,2021-08-31 00:00:00,CPFE3
37.46,2021-09-01 00:00:00,RRRP3
73.67,2021-09-01 00:00:00,UNIP6
15.57,2021-09-01 00:00:00,LOGN3
40.07,2021-09-01 00:00:00,SLCE3
31.7,2021-09-01 00:00:00,SMTO3
16.74,2021-09-01 00:00:00,RECV3
24.31,2021-09-01 00:00:00,CPFE3
37.97,2021-09-01 00:00:00,ELET3
37.27,2021-09-01 00:00:00,ELET6
34.2,2021-09-01 00:00:00,HYPE3
30.89,2021-09-02 00:00:00,SMTO3
24.14,2021-09-02 00:00:00,CPFE3
37.2,2021-09-02 00:00:00,RRRP3
73.83,2021-09-02 00:00:00,UNIP6
16.34,2021-09-02 00:00:00,RECV3
38.64,2021-09-02 00:00:00,SLCE3
36.07,2021-09-02 00:00:00,ELET3
35.69,2021-09-02 00:00:00,ELET6
14.99,2021-09-02 00:00:00,LOGN3
33.27,2021-09-02 00:00:00,HYPE3
16.44,2021-09-03 00:00:00,RECV3
36.52,2021-09-03 00:00:00,ELET3
15.06,2021-09-03 00:00:00,LOGN3
24.24,2021-09-03 00:00:00,CPFE3
36.91,2021-09-03 00:00:00,RRRP3
73.66,2021-09-03 00:00:00,UNIP6
33.66,2021-09-03 00:00:00,HYPE3
38.43,2021-09-03 00:00:00,SLCE3
36.39,2021-09-03 00:00:00,ELET6
30.06,2021-09-03 00:00:00,SMTO3
39.03,2021-09-06 00:00:00,SLCE3
15.55,2021-09-06 00:00:00,LOGN3
36.91,2021-09-06 00:00:00,ELET6
37.1,2021-09-06 00:00:00,ELET3
75.04,2021-09-06 00:00:00,UNIP6
30.84,2021-09-06 00:00:00,SMTO3
37.57,2021-09-06 00:00:00,RRRP3
24.44,2021-09-06 00:00:00,CPFE3
16.29,2021-09-06 00:00:00,RECV3
33.94,2021-09-06 00:00:00,HYPE3
15.64,2021-09-08 00:00:00,RECV3
24,2021-09-08 00:00:00,CPFE3
35.1,2021-09-08 00:00:00,RRRP3
33.62,2021-09-08 00:00:00,ELET6
38.05,2021-09-08 00:00:00,SLCE3
33.66,2021-09-08 00:00:00,ELET3
29.34,2021-09-08 00:00:00,SMTO3
32.8,2021-09-08 00:00:00,HYPE3
71.71,2021-09-08 00:00:00,UNIP6
14.58,2021-09-08 00:00:00,LOGN3
30.43,2021-09-09 00:00:00,SMTO3
33.97,2021-09-09 00:00:00,HYPE3
24.71,2021-09-09 00:00:00,CPFE3
35.7,2021-09-09 00:00:00,ELET3
72.68,2021-09-09 00:00:00,UNIP6
39.2,2021-09-09 00:00:00,SLCE3
35.07,2021-09-09 00:00:00,RRRP3
15.94,2021-09-09 00:00:00,RECV3
35.29,2021-09-09 00:00:00,ELET6
14.91,2021-09-09 00:00:00,LOGN3
24.75,2021-09-10 00:00:00,CPFE3
34.25,2021-09-10 00:00:00,RRRP3
30.11,2021-09-10 00:00:00,SMTO3
14.42,2021-09-10 00:00:00,LOGN3
33.67,2021-09-10 00:00:00,HYPE3
38.69,2021-09-10 00:00:00,SLCE3
35.6,2021-09-10 00:00:00,ELET6
15.39,2021-09-10 00:00:00,RECV3
74.01,2021-09-10 00:00:00,UNIP6
35.71,2021-09-10 00:00:00,ELET3
36.48,2021-09-13 00:00:00,ELET6
36.85,2021-09-13 00:00:00,ELET3
74.79,2021-09-13 00:00:00,UNIP6
16.39,2021-09-13 00:00:00,RECV3
33.98,2021-09-13 00:00:00,HYPE3
30.7,2021-09-13 00:00:00,SMTO3
38.48,2021-09-13 00:00:00,SLCE3
35.46,2021-09-13 00:00:00,RRRP3
24.76,2021-09-13 00:00:00,CPFE3
15.24,2021-09-13 00:00:00,LOGN3
24.73,2021-09-14 00:00:00,CPFE3
16.64,2021-09-14 00:00:00,RECV3
37.17,2021-09-14 00:00:00,ELET6
37.5,2021-09-14 00:00:00,ELET3
33.97,2021-09-14 00:00:00,HYPE3
75.28,2021-09-14 00:00:00,UNIP6
38.2,2021-09-14 00:00:00,SLCE3
31.3,2021-09-14 00:00:00,SMTO3
15.34,2021-09-14 00:00:00,LOGN3
35.23,2021-09-14 00:00:00,RRRP3
33.44,2021-09-15 00:00:00,HYPE3
24.62,2021-09-15 00:00:00,CPFE3
37.31,2021-09-15 00:00:00,ELET3
36.81,2021-09-15 00:00:00,ELET6
31.4,2021-09-15 00:00:00,SMTO3
38.27,2021-09-15 00:00:00,SLCE3
17.26,2021-09-15 00:00:00,RECV3
36.13,2021-09-15 00:00:00,RRRP3
14.95,2021-09-15 00:00:00,LOGN3
75.53,2021-09-15 00:00:00,UNIP6
20,2021-09-16 00:00:00,LOGN3
35.81,2021-09-16 00:00:00,RRRP3
36.75,2021-09-16 00:00:00,ELET6
73.36,2021-09-16 00:00:00,UNIP6
17.33,2021-09-16 00:00:00,RECV3
31.5,2021-09-16 00:00:00,SMTO3
32.73,2021-09-16 00:00:00,HYPE3
38.46,2021-09-16 00:00:00,SLCE3
37,2021-09-16 00:00:00,ELET3
24.54,2021-09-16 00:00:00,CPFE3
32.67,2021-09-17 00:00:00,HYPE3
37.15,2021-09-17 00:00:00,ELET3
17.16,2021-09-17 00:00:00,RECV3
36.79,2021-09-17 00:00:00,ELET6
72.19,2021-09-17 00:00:00,UNIP6
30.46,2021-09-17 00:00:00,SMTO3
34.23,2021-09-17 00:00:00,RRRP3
38.07,2021-09-17 00:00:00,SLCE3
24.66,2021-09-17 00:00:00,CPFE3
21.5,2021-09-17 00:00:00,LOGN3
30,2021-09-20 00:00:00,SMTO3
36.37,2021-09-20 00:00:00,ELET6
65.62,2021-09-20 00:00:00,UNIP6
36.47,2021-09-20 00:00:00,SLCE3
32.35,2021-09-20 00:00:00,HYPE3
21.22,2021-09-20 00:00:00,LOGN3
36.35,2021-09-20 00:00:00,ELET3
31.89,2021-09-20 00:00:00,RRRP3
15.57,2021-09-20 00:00:00,RECV3
24.47,2021-09-20 00:00:00,CPFE3
37.21,2021-09-21 00:00:00,ELET3
15.89,2021-09-21 00:00:00,RECV3
36.34,2021-09-21 00:00:00,SLCE3
30.39,2021-09-21 00:00:00,SMTO3
37.09,2021-09-21 00:00:00,ELET6
63.33,2021-09-21 00:00:00,UNIP6
31.99,2021-09-21 00:00:00,HYPE3
24.85,2021-09-21 00:00:00,CPFE3
21.6,2021-09-21 00:00:00,LOGN3
32.9,2021-09-21 00:00:00,RRRP3
34.33,2021-09-22 00:00:00,RRRP3
36.8,2021-09-22 00:00:00,SLCE3
21.69,2021-09-22 00:00:00,LOGN3
32.09,2021-09-22 00:00:00,HYPE3
37.25,2021-09-22 00:00:00,ELET3
36.85,2021-09-22 00:00:00,ELET6
17.58,2021-09-22 00:00:00,RECV3
31.55,2021-09-22 00:00:00,SMTO3
64.32,2021-09-22 00:00:00,UNIP6
24.54,2021-09-22 00:00:00,CPFE3
38.28,2021-09-23 00:00:00,ELET3
18.22,2021-09-23 00:00:00,RECV3
32.06,2021-09-23 00:00:00,HYPE3
67.16,2021-09-23 00:00:00,UNIP6
31.75,2021-09-23 00:00:00,SMTO3
35.85,2021-09-23 00:00:00,RRRP3
24.57,2021-09-23 00:00:00,CPFE3
22.09,2021-09-23 00:00:00,LOGN3
37.05,2021-09-23 00:00:00,SLCE3
38.1,2021-09-23 00:00:00,ELET6
38.59,2021-09-24 00:00:00,ELET3
31.91,2021-09-24 00:00:00,HYPE3
32.45,2021-09-24 00:00:00,SMTO3
68,2021-09-24 00:00:00,UNIP6
35.94,2021-09-24 00:00:00,RRRP3
19.17,2021-09-24 00:00:00,RECV3
38.36,2021-09-24 00:00:00,ELET6
37,2021-09-24 00:00:00,SLCE3
22.21,2021-09-24 00:00:00,LOGN3
24.4,2021-09-24 00:00:00,CPFE3
68.38,2021-09-27 00:00:00,UNIP6
38.65,2021-09-27 00:00:00,ELET3
32.53,2021-09-27 00:00:00,SMTO3
22.43,2021-09-27 00:00:00,LOGN3
20.51,2021-09-27 00:00:00,RECV3
24.1,2021-09-27 00:00:00,CPFE3
38.33,2021-09-27 00:00:00,ELET6
36.7,2021-09-27 00:00:00,SLCE3
37.22,2021-09-27 00:00:00,RRRP3
31.56,2021-09-27 00:00:00,HYPE3
35.7,2021-09-28 00:00:00,SLCE3
37.71,2021-09-28 00:00:00,RRRP3
21.87,2021-09-28 00:00:00,LOGN3
37.91,2021-09-28 00:00:00,ELET6
20.13,2021-09-28 00:00:00,RECV3
31.79,2021-09-28 00:00:00,SMTO3
38.14,2021-09-28 00:00:00,ELET3
31.43,2021-09-28 00:00:00,HYPE3
23.99,2021-09-28 00:00:00,CPFE3
64.39,2021-09-28 00:00:00,UNIP6
24.13,2021-09-29 00:00:00,CPFE3
32.21,2021-09-29 00:00:00,SMTO3
40.03,2021-09-29 00:00:00,RRRP3
22.1,2021-09-29 00:00:00,LOGN3
31.66,2021-09-29 00:00:00,HYPE3
37.65,2021-09-29 00:00:00,ELET6
64.8,2021-09-29 00:00:00,UNIP6
37.71,2021-09-29 00:00:00,ELET3
19.98,2021-09-29 00:00:00,RECV3
37.03,2021-09-29 00:00:00,SLCE3
19.96,2021-09-30 00:00:00,RECV3
22,2021-09-30 00:00:00,LOGN3
37.25,2021-09-30 00:00:00,ELET6
33.77,2021-09-30 00:00:00,SMTO3
23.89,2021-09-30 00:00:00,CPFE3
42.6,2021-09-30 00:00:00,RRRP3
39.55,2021-09-30 00:00:00,SLCE3
64.22,2021-09-30 00:00:00,UNIP6
31.63,2021-09-30 00:00:00,HYPE3
37.8,2021-09-30 00:00:00,ELET3
22.04,2021-10-01 00:00:00,LOGN3
23.95,2021-10-01 00:00:00,CPFE3
42.57,2021-10-01 00:00:00,RRRP3
33.8,2021-10-01 00:00:00,SMTO3
64.73,2021-10-01 00:00:00,UNIP6
40,2021-10-01 00:00:00,SLCE3
31.64,2021-10-01 00:00:00,HYPE3
38.26,2021-10-01 00:00:00,ELET3
20.27,2021-10-01 00:00:00,RECV3
37.85,2021-10-01 00:00:00,ELET6
19.5,2021-10-04 00:00:00,RECV3
36.29,2021-10-04 00:00:00,ELET3
34.19,2021-10-04 00:00:00,SMTO3
63.68,2021-10-04 00:00:00,UNIP6
23.5,2021-10-04 00:00:00,CPFE3
35.98,2021-10-04 00:00:00,ELET6
22.05,2021-10-04 00:00:00,LOGN3
42.75,2021-10-04 00:00:00,RRRP3
29.87,2021-10-04 00:00:00,HYPE3
41.07,2021-10-04 00:00:00,SLCE3
19.62,2021-10-05 00:00:00,RECV3
63.62,2021-10-05 00:00:00,UNIP6
29.75,2021-10-05 00:00:00,HYPE3
34.5,2021-10-05 00:00:00,SMTO3
35.93,2021-10-05 00:00:00,ELET3
22.98,2021-10-05 00:00:00,CPFE3
42.9,2021-10-05 00:00:00,RRRP3
22.3,2021-10-05 00:00:00,LOGN3
35.87,2021-10-05 00:00:00,ELET6
39.53,2021-10-05 00:00:00,SLCE3
22.48,2021-10-06 00:00:00,CPFE3
35.72,2021-10-06 00:00:00,ELET3
18.79,2021-10-06 00:00:00,RECV3
29.34,2021-10-06 00:00:00,HYPE3
21.99,2021-10-06 00:00:00,LOGN3
42.01,2021-10-06 00:00:00,RRRP3
40.51,2021-10-06 00:00:00,SLCE3
35.4,2021-10-06 00:00:00,ELET6
34.18,2021-10-06 00:00:00,SMTO3
62.17,2021-10-06 00:00:00,UNIP6
18.18,2021-10-07 00:00:00,RECV3
22.55,2021-10-07 00:00:00,CPFE3
34.63,2021-10-07 00:00:00,SMTO3
21.84,2021-10-07 00:00:00,LOGN3
61.8,2021-10-07 00:00:00,UNIP6
40.66,2021-10-07 00:00:00,SLCE3
36.01,2021-10-07 00:00:00,ELET6
40.79,2021-10-07 00:00:00,RRRP3
28.77,2021-10-07 00:00:00,HYPE3
36.33,2021-10-07 00:00:00,ELET3
63.47,2021-10-08 00:00:00,UNIP6
40.58,2021-10-08 00:00:00,RRRP3
28.91,2021-10-08 00:00:00,HYPE3
41.18,2021-10-08 00:00:00,SLCE3
35.09,2021-10-08 00:00:00,SMTO3
18.12,2021-10-08 00:00:00,RECV3
22.5,2021-10-08 00:00:00,LOGN3
37.38,2021-10-08 00:00:00,ELET3
23.09,2021-10-08 00:00:00,CPFE3
36.98,2021-10-08 00:00:00,ELET6
41.03,2021-10-11 00:00:00,RRRP3
28.98,2021-10-11 00:00:00,HYPE3
62.64,2021-10-11 00:00:00,UNIP6
22.68,2021-10-11 00:00:00,LOGN3
42.72,2021-10-11 00:00:00,SLCE3
37.56,2021-10-11 00:00:00,ELET6
38.37,2021-10-11 00:00:00,ELET3
23.03,2021-10-11 00:00:00,CPFE3
35.34,2021-10-11 00:00:00,SMTO3
18.82,2021-10-11 00:00:00,RECV3
17.83,2021-10-13 00:00:00,RECV3
35.88,2021-10-13 00:00:00,SMTO3
22.55,2021-10-13 00:00:00,LOGN3
37.89,2021-10-13 00:00:00,ELET6
41.26,2021-10-13 00:00:00,RRRP3
38.44,2021-10-13 00:00:00,ELET3
23.64,2021-10-13 00:00:00,CPFE3
42.07,2021-10-13 00:00:00,SLCE3
66.73,2021-10-13 00:00:00,UNIP6
29.14,2021-10-13 00:00:00,HYPE3
65.45,2021-10-14 00:00:00,UNIP6
28.79,2021-10-14 00:00:00,HYPE3
36.55,2021-10-14 00:00:00,SMTO3
41.12,2021-10-14 00:00:00,RRRP3
23.31,2021-10-14 00:00:00,CPFE3
38.64,2021-10-14 00:00:00,ELET6
42.5,2021-10-14 00:00:00,SLCE3
22.7,2021-10-14 00:00:00,LOGN3
39.2,2021-10-14 00:00:00,ELET3
17.58,2021-10-14 00:00:00,RECV3
41.33,2021-10-15 00:00:00,RRRP3
17.2,2021-10-15 00:00:00,RECV3
38.13,2021-10-15 00:00:00,ELET6
23.13,2021-10-15 00:00:00,CPFE3
67.42,2021-10-15 00:00:00,UNIP6
29.51,2021-10-15 00:00:00,HYPE3
36.43,2021-10-15 00:00:00,SMTO3
41.98,2021-10-15 00:00:00,SLCE3
22.45,2021-10-15 00:00:00,LOGN3
38.54,2021-10-15 00:00:00,ELET3
42.29,2021-10-18 00:00:00,SLCE3
23.6,2021-10-18 00:00:00,CPFE3
69.83,2021-10-18 00:00:00,UNIP6
39.01,2021-10-18 00:00:00,ELET6
36.92,2021-10-18 00:00:00,SMTO3
39.86,2021-10-18 00:00:00,ELET3
30,2021-10-18 00:00:00,HYPE3
17.04,2021-10-18 00:00:00,RECV3
41.48,2021-10-18 00:00:00,RRRP3
22.45,2021-10-18 00:00:00,LOGN3
16.2,2021-10-19 00:00:00,RECV3
36.18,2021-10-19 00:00:00,SMTO3
41.67,2021-10-19 00:00:00,SLCE3
66.91,2021-10-19 00:00:00,UNIP6
21.95,2021-10-19 00:00:00,LOGN3
37.77,2021-10-19 00:00:00,ELET6
39.1,2021-10-19 00:00:00,RRRP3
23.12,2021-10-19 00:00:00,CPFE3
28.77,2021-10-19 00:00:00,HYPE3
38.43,2021-10-19 00:00:00,ELET3
23.26,2021-10-20 00:00:00,CPFE3
36.9,2021-10-20 00:00:00,SMTO3
41.25,2021-10-20 00:00:00,SLCE3
16.45,2021-10-20 00:00:00,RECV3
37.14,2021-10-20 00:00:00,ELET3
38,2021-10-20 00:00:00,RRRP3
36.54,2021-10-20 00:00:00,ELET6
68.69,2021-10-20 00:00:00,UNIP6
28.82,2021-10-20 00:00:00,HYPE3
21.96,2021-10-20 00:00:00,LOGN3
66.23,2021-10-21 00:00:00,UNIP6
35.57,2021-10-21 00:00:00,ELET3
28.1,2021-10-21 00:00:00,HYPE3
34.71,2021-10-21 00:00:00,ELET6
40.07,2021-10-21 00:00:00,SLCE3
15.64,2021-10-21 00:00:00,RECV3
22.64,2021-10-21 00:00:00,CPFE3
21.32,2021-10-21 00:00:00,LOGN3
35.25,2021-10-21 00:00:00,SMTO3
35.8,2021-10-21 00:00:00,RRRP3
34.82,2021-10-22 00:00:00,ELET3
22.31,2021-10-22 00:00:00,CPFE3
14.99,2021-10-22 00:00:00,RECV3
21.4,2021-10-22 00:00:00,LOGN3
35.45,2021-10-22 00:00:00,SMTO3
33.95,2021-10-22 00:00:00,RRRP3
27.52,2021-10-22 00:00:00,HYPE3
65.31,2021-10-22 00:00:00,UNIP6
33.73,2021-10-22 00:00:00,ELET6
40.16,2021-10-22 00:00:00,SLCE3
36.58,2021-10-25 00:00:00,SMTO3
38.1,2021-10-25 00:00:00,RRRP3
22.71,2021-10-25 00:00:00,CPFE3
16.06,2021-10-25 00:00:00,RECV3
40.75,2021-10-25 00:00:00,SLCE3
69.75,2021-10-25 00:00:00,UNIP6
21.8,2021-10-25 00:00:00,LOGN3
35.97,2021-10-25 00:00:00,ELET3
28.3,2021-10-25 00:00:00,HYPE3
34.73,2021-10-25 00:00:00,ELET6
39.09,2021-10-26 00:00:00,SLCE3
27.58,2021-10-26 00:00:00,HYPE3
35.51,2021-10-26 00:00:00,ELET3
36.47,2021-10-26 00:00:00,SMTO3
21.37,2021-10-26 00:00:00,LOGN3
15.69,2021-10-26 00:00:00,RECV3
70.08,2021-10-26 00:00:00,UNIP6
22.88,2021-10-26 00:00:00,CPFE3
34.54,2021-10-26 00:00:00,ELET6
37.38,2021-10-26 00:00:00,RRRP3
35.41,2021-10-27 00:00:00,SMTO3
37.84,2021-10-27 00:00:00,SLCE3
34.85,2021-10-27 00:00:00,ELET6
23.34,2021-10-27 00:00:00,CPFE3
36.49,2021-10-27 00:00:00,RRRP3
28.07,2021-10-27 00:00:00,HYPE3
14.88,2021-10-27 00:00:00,RECV3
35.7,2021-10-27 00:00:00,ELET3
66.02,2021-10-27 00:00:00,UNIP6
21.13,2021-10-27 00:00:00,LOGN3
21.1,2021-10-28 00:00:00,LOGN3
22.92,2021-10-28 00:00:00,CPFE3
37.72,2021-10-28 00:00:00,SLCE3
36.09,2021-10-28 00:00:00,SMTO3
34.2,2021-10-28 00:00:00,ELET6
35.28,2021-10-28 00:00:00,ELET3
27.6,2021-10-28 00:00:00,HYPE3
64.06,2021-10-28 00:00:00,UNIP6
34.91,2021-10-28 00:00:00,RRRP3
14.15,2021-10-28 00:00:00,RECV3
21.2,2021-10-29 00:00:00,LOGN3
32.56,2021-10-29 00:00:00,ELET6
33.21,2021-10-29 00:00:00,ELET3
27.62,2021-10-29 00:00:00,HYPE3
37.8,2021-10-29 00:00:00,SLCE3
32.34,2021-10-29 00:00:00,RRRP3
23.34,2021-10-29 00:00:00,CPFE3
60.64,2021-10-29 00:00:00,UNIP6
13.47,2021-10-29 00:00:00,RECV3
36.98,2021-10-29 00:00:00,SMTO3
21.37,2021-11-01 00:00:00,LOGN3
37.37,2021-11-01 00:00:00,SLCE3
38.13,2021-11-01 00:00:00,SMTO3
33.28,2021-11-01 00:00:00,ELET6
23.11,2021-11-01 00:00:00,CPFE3
61.58,2021-11-01 00:00:00,UNIP6
13.93,2021-11-01 00:00:00,RECV3
34.8,2021-11-01 00:00:00,RRRP3
28.39,2021-11-01 00:00:00,HYPE3
34.25,2021-11-01 00:00:00,ELET3
23.68,2021-11-03 00:00:00,CPFE3
34.57,2021-11-03 00:00:00,ELET3
38.67,2021-11-03 00:00:00,SLCE3
14.09,2021-11-03 00:00:00,RECV3
29.25,2021-11-03 00:00:00,HYPE3
37.75,2021-11-03 00:00:00,SMTO3
60.74,2021-11-03 00:00:00,UNIP6
35.56,2021-11-03 00:00:00,RRRP3
21.5,2021-11-03 00:00:00,LOGN3
33.68,2021-11-03 00:00:00,ELET6
34.55,2021-11-04 00:00:00,RRRP3
14.07,2021-11-04 00:00:00,RECV3
38.31,2021-11-04 00:00:00,SMTO3
28.65,2021-11-04 00:00:00,HYPE3
21.2,2021-11-04 00:00:00,LOGN3
32.56,2021-11-04 00:00:00,ELET3
31.74,2021-11-04 00:00:00,ELET6
59.66,2021-11-04 00:00:00,UNIP6
23.57,2021-11-04 00:00:00,CPFE3
38.83,2021-11-04 00:00:00,SLCE3
62.94,2021-11-05 00:00:00,UNIP6
33.54,2021-11-05 00:00:00,ELET3
39.53,2021-11-05 00:00:00,SLCE3
23.84,2021-11-05 00:00:00,CPFE3
21.42,2021-11-05 00:00:00,LOGN3
32.67,2021-11-05 00:00:00,ELET6
35.5,2021-11-05 00:00:00,RRRP3
38.69,2021-11-05 00:00:00,SMTO3
15.1,2021-11-05 00:00:00,RECV3
28.82,2021-11-05 00:00:00,HYPE3
34.89,2021-11-08 00:00:00,RRRP3
33.44,2021-11-08 00:00:00,ELET3
40.34,2021-11-08 00:00:00,SMTO3
28.43,2021-11-08 00:00:00,HYPE3
62.77,2021-11-08 00:00:00,UNIP6
21.19,2021-11-08 00:00:00,LOGN3
15.26,2021-11-08 00:00:00,RECV3
32.37,2021-11-08 00:00:00,ELET6
41.55,2021-11-08 00:00:00,SLCE3
23.66,2021-11-08 00:00:00,CPFE3
41.72,2021-11-09 00:00:00,SLCE3
38.91,2021-11-09 00:00:00,SMTO3
35.68,2021-11-09 00:00:00,RRRP3
29.05,2021-11-09 00:00:00,HYPE3
34.3,2021-11-09 00:00:00,ELET3
33.24,2021-11-09 00:00:00,ELET6
23.92,2021-11-09 00:00:00,CPFE3
15.34,2021-11-09 00:00:00,RECV3
66.11,2021-11-09 00:00:00,UNIP6
21.3,2021-11-09 00:00:00,LOGN3
39.41,2021-11-10 00:00:00,SMTO3
34.11,2021-11-10 00:00:00,RRRP3
65.51,2021-11-10 00:00:00,UNIP6
33.73,2021-11-10 00:00:00,ELET6
24.57,2021-11-10 00:00:00,CPFE3
21.35,2021-11-10 00:00:00,LOGN3
15.64,2021-11-10 00:00:00,RECV3
34.95,2021-11-10 00:00:00,ELET3
28.68,2021-11-10 00:00:00,HYPE3
41.7,2021-11-10 00:00:00,SLCE3
67.98,2021-11-11 00:00:00,UNIP6
41.61,2021-11-11 00:00:00,SLCE3
39.26,2021-11-11 00:00:00,SMTO3
34.04,2021-11-11 00:00:00,ELET6
16.62,2021-11-11 00:00:00,RECV3
24.87,2021-11-11 00:00:00,CPFE3
28.93,2021-11-11 00:00:00,HYPE3
33.65,2021-11-11 00:00:00,RRRP3
35.26,2021-11-11 00:00:00,ELET3
21.47,2021-11-11 00:00:00,LOGN3
74.62,2021-11-12 00:00:00,UNIP6
32,2021-11-12 00:00:00,RRRP3
33.67,2021-11-12 00:00:00,ELET6
21.27,2021-11-12 00:00:00,LOGN3
39.55,2021-11-12 00:00:00,SMTO3
15.53,2021-11-12 00:00:00,RECV3
24.16,2021-11-12 00:00:00,CPFE3
39.84,2021-11-12 00:00:00,SLCE3
34.96,2021-11-12 00:00:00,ELET3
28.95,2021-11-12 00:00:00,HYPE3
31.35,2021-11-16 00:00:00,RRRP3
21.2,2021-11-16 00:00:00,LOGN3
23.19,2021-11-16 00:00:00,CPFE3
14.88,2021-11-16 00:00:00,RECV3
75.35,2021-11-16 00:00:00,UNIP6
33.91,2021-11-16 00:00:00,ELET3
38.67,2021-11-16 00:00:00,SMTO3
37.78,2021-11-16 00:00:00,SLCE3
28.59,2021-11-16 00:00:00,HYPE3
32.76,2021-11-16 00:00:00,ELET6
30.59,2021-11-17 00:00:00,ELET6
22.32,2021-11-17 00:00:00,CPFE3
28.31,2021-11-17 00:00:00,HYPE3
74.61,2021-11-17 00:00:00,UNIP6
31.67,2021-11-17 00:00:00,ELET3
36.41,2021-11-17 00:00:00,SLCE3
37.41,2021-11-17 00:00:00,SMTO3
14.45,2021-11-17 00:00:00,RECV3
21.07,2021-11-17 00:00:00,LOGN3
30.11,2021-11-17 00:00:00,RRRP3
72.58,2021-11-18 00:00:00,UNIP6
13.9,2021-11-18 00:00:00,RECV3
20.97,2021-11-18 00:00:00,LOGN3
28.56,2021-11-18 00:00:00,HYPE3
31.93,2021-11-18 00:00:00,ELET3
22.37,2021-11-18 00:00:00,CPFE3
30.79,2021-11-18 00:00:00,ELET6
35.8,2021-11-18 00:00:00,SLCE3
29.87,2021-11-18 00:00:00,RRRP3
37.98,2021-11-18 00:00:00,SMTO3
13.47,2021-11-19 00:00:00,RECV3
75.04,2021-11-19 00:00:00,UNIP6
37.76,2021-11-19 00:00:00,SMTO3
32.43,2021-11-19 00:00:00,ELET3
29,2021-11-19 00:00:00,RRRP3
22.84,2021-11-19 00:00:00,CPFE3
35.36,2021-11-19 00:00:00,SLCE3
31.3,2021-11-19 00:00:00,ELET6
21.02,2021-11-19 00:00:00,LOGN3
28.38,2021-11-19 00:00:00,HYPE3
35.3,2021-11-22 00:00:00,SLCE3
28.26,2021-11-22 00:00:00,HYPE3
14.26,2021-11-22 00:00:00,RECV3
29.12,2021-11-22 00:00:00,RRRP3
30.52,2021-11-22 00:00:00,ELET6
31.48,2021-11-22 00:00:00,ELET3
37.28,2021-11-22 00:00:00,SMTO3
20.84,2021-11-22 00:00:00,LOGN3
22.58,2021-11-22 00:00:00,CPFE3
78.07,2021-11-22 00:00:00,UNIP6
22.68,2021-11-23 00:00:00,CPFE3
37.25,2021-11-23 00:00:00,SMTO3
35.3,2021-11-23 00:00:00,SLCE3
31.28,2021-11-23 00:00:00,ELET6
79.16,2021-11-23 00:00:00,UNIP6
14.99,2021-11-23 00:00:00,RECV3
30.68,2021-11-23 00:00:00,RRRP3
32.29,2021-11-23 00:00:00,ELET3
28.05,2021-11-23 00:00:00,HYPE3
20.93,2021-11-23 00:00:00,LOGN3
36.08,2021-11-24 00:00:00,SLCE3
21.04,2021-11-24 00:00:00,LOGN3
36.88,2021-11-24 00:00:00,SMTO3
14.32,2021-11-24 00:00:00,RECV3
29.8,2021-11-24 00:00:00,RRRP3
22.72,2021-11-24 00:00:00,CPFE3
32.2,2021-11-24 00:00:00,ELET3
31.08,2021-11-24 00:00:00,ELET6
76.37,2021-11-24 00:00:00,UNIP6
28.04,2021-11-24 00:00:00,HYPE3
29.71,2021-11-25 00:00:00,RRRP3
23.07,2021-11-25 00:00:00,CPFE3
31.8,2021-11-25 00:00:00,ELET6
28.38,2021-11-25 00:00:00,HYPE3
36.93,2021-11-25 00:00:00,SLCE3
77.22,2021-11-25 00:00:00,UNIP6
21.11,2021-11-25 00:00:00,LOGN3
14.83,2021-11-25 00:00:00,RECV3
32.99,2021-11-25 00:00:00,ELET3
37.06,2021-11-25 00:00:00,SMTO3
20.9,2021-11-26 00:00:00,LOGN3
30.97,2021-11-26 00:00:00,ELET6
27.6,2021-11-26 00:00:00,RRRP3
35.91,2021-11-26 00:00:00,SMTO3
76.46,2021-11-26 00:00:00,UNIP6
32.03,2021-11-26 00:00:00,ELET3
22.84,2021-11-26 00:00:00,CPFE3
27.4,2021-11-26 00:00:00,HYPE3
35.3,2021-11-26 00:00:00,SLCE3
14.24,2021-11-26 00:00:00,RECV3
14.57,2021-11-29 00:00:00,RECV3
26.92,2021-11-29 00:00:00,HYPE3
36.72,2021-11-29 00:00:00,SMTO3
31.07,2021-11-29 00:00:00,ELET6
23.37,2021-11-29 00:00:00,CPFE3
32.31,2021-11-29 00:00:00,ELET3
27.97,2021-11-29 00:00:00,RRRP3
20.96,2021-11-29 00:00:00,LOGN3
35.48,2021-11-29 00:00:00,SLCE3
76.4,2021-11-29 00:00:00,UNIP6
27.62,2021-11-30 00:00:00,RRRP3
13.68,2021-11-30 00:00:00,RECV3
20.65,2021-11-30 00:00:00,LOGN3
30.83,2021-11-30 00:00:00,ELET6
33.29,2021-11-30 00:00:00,SLCE3
23.42,2021-11-30 00:00:00,CPFE3
35.11,2021-11-30 00:00:00,SMTO3
26.69,2021-11-30 00:00:00,HYPE3
32.03,2021-11-30 00:00:00,ELET3
75.03,2021-11-30 00:00:00,UNIP6
34.32,2021-12-01 00:00:00,SMTO3
27.6,2021-12-01 00:00:00,RRRP3
32.13,2021-12-01 00:00:00,SLCE3
23.66,2021-12-01 00:00:00,CPFE3
20.43,2021-12-01 00:00:00,LOGN3
32.15,2021-12-01 00:00:00,ELET3
76.36,2021-12-01 00:00:00,UNIP6
26.38,2021-12-01 00:00:00,HYPE3
30.82,2021-12-01 00:00:00,ELET6
13.61,2021-12-01 00:00:00,RECV3
27.12,2021-12-02 00:00:00,HYPE3
24.45,2021-12-02 00:00:00,CPFE3
20.7,2021-12-02 00:00:00,LOGN3
77.34,2021-12-02 00:00:00,UNIP6
29.35,2021-12-02 00:00:00,RRRP3
33.87,2021-12-02 00:00:00,ELET3
32.4,2021-12-02 00:00:00,ELET6
13.91,2021-12-02 00:00:00,RECV3
35.14,2021-12-02 00:00:00,SMTO3
32.42,2021-12-02 00:00:00,SLCE3
24.74,2021-12-03 00:00:00,CPFE3
20.94,2021-12-03 00:00:00,LOGN3
27.83,2021-12-03 00:00:00,HYPE3
76.78,2021-12-03 00:00:00,UNIP6
32.73,2021-12-03 00:00:00,SLCE3
13.88,2021-12-03 00:00:00,RECV3
33.1,2021-12-03 00:00:00,ELET6
34.74,2021-12-03 00:00:00,ELET3
34.86,2021-12-03 00:00:00,SMTO3
31.22,2021-12-03 00:00:00,RRRP3
24.42,2021-12-06 00:00:00,CPFE3
33.56,2021-12-06 00:00:00,ELET6
32.36,2021-12-06 00:00:00,RRRP3
33.23,2021-12-06 00:00:00,SLCE3
21.46,2021-12-06 00:00:00,LOGN3
14.56,2021-12-06 00:00:00,RECV3
35.02,2021-12-06 00:00:00,ELET3
35.78,2021-12-06 00:00:00,SMTO3
78.56,2021-12-06 00:00:00,UNIP6
27.91,2021-12-06 00:00:00,HYPE3
14.48,2021-12-07 00:00:00,RECV3
24.13,2021-12-07 00:00:00,CPFE3
28.26,2021-12-07 00:00:00,HYPE3
33.66,2021-12-07 00:00:00,SLCE3
31.41,2021-12-07 00:00:00,RRRP3
33.24,2021-12-07 00:00:00,ELET6
34.49,2021-12-07 00:00:00,ELET3
82.03,2021-12-07 00:00:00,UNIP6
35.9,2021-12-07 00:00:00,SMTO3
21.85,2021-12-07 00:00:00,LOGN3
30.39,2021-12-08 00:00:00,RRRP3
28.51,2021-12-08 00:00:00,HYPE3
24.28,2021-12-08 00:00:00,CPFE3
33.17,2021-12-08 00:00:00,ELET6
36.55,2021-12-08 00:00:00,SMTO3
34.28,2021-12-08 00:00:00,SLCE3
80.37,2021-12-08 00:00:00,UNIP6
22.49,2021-12-08 00:00:00,LOGN3
14.7,2021-12-08 00:00:00,RECV3
34.79,2021-12-08 00:00:00,ELET3
33.83,2021-12-09 00:00:00,SLCE3
14.61,2021-12-09 00:00:00,RECV3
32.34,2021-12-09 00:00:00,ELET6
33.67,2021-12-09 00:00:00,ELET3
28.63,2021-12-09 00:00:00,HYPE3
24.13,2021-12-09 00:00:00,CPFE3
79.2,2021-12-09 00:00:00,UNIP6
22.2,2021-12-09 00:00:00,LOGN3
35.41,2021-12-09 00:00:00,SMTO3
30.11,2021-12-09 00:00:00,RRRP3
82.04,2021-12-10 00:00:00,UNIP6
34.75,2021-12-10 00:00:00,ELET3
24.11,2021-12-10 00:00:00,CPFE3
36.08,2021-12-10 00:00:00,SMTO3
22.63,2021-12-10 00:00:00,LOGN3
15.4,2021-12-10 00:00:00,RECV3
29.06,2021-12-10 00:00:00,HYPE3
30.44,2021-12-10 00:00:00,RRRP3
33.4,2021-12-10 00:00:00,ELET6
33.48,2021-12-10 00:00:00,SLCE3
22.78,2021-12-13 00:00:00,LOGN3
81.4,2021-12-13 00:00:00,UNIP6
35.34,2021-12-13 00:00:00,ELET3
34.09,2021-12-13 00:00:00,ELET6
24.58,2021-12-13 00:00:00,CPFE3
28.86,2021-12-13 00:00:00,HYPE3
30.57,2021-12-13 00:00:00,RRRP3
36.39,2021-12-13 00:00:00,SMTO3
15.65,2021-12-13 00:00:00,RECV3
33.66,2021-12-13 00:00:00,SLCE3
33.75,2021-12-14 00:00:00,SLCE3
22.9,2021-12-14 00:00:00,LOGN3
28.58,2021-12-14 00:00:00,HYPE3
33.89,2021-12-14 00:00:00,ELET3
80.93,2021-12-14 00:00:00,UNIP6
29.7,2021-12-14 00:00:00,RRRP3
37.35,2021-12-14 00:00:00,SMTO3
15.89,2021-12-14 00:00:00,RECV3
24.93,2021-12-14 00:00:00,CPFE3
32.71,2021-12-14 00:00:00,ELET6
28.94,2021-12-15 00:00:00,HYPE3
32.66,2021-12-15 00:00:00,ELET6
25.01,2021-12-15 00:00:00,CPFE3
15.66,2021-12-15 00:00:00,RECV3
33.1,2021-12-15 00:00:00,SLCE3
82.83,2021-12-15 00:00:00,UNIP6
29.5,2021-12-15 00:00:00,RRRP3
23.02,2021-12-15 00:00:00,LOGN3
36.86,2021-12-15 00:00:00,SMTO3
33.75,2021-12-15 00:00:00,ELET3
84.32,2021-12-16 00:00:00,UNIP6
31.78,2021-12-16 00:00:00,ELET6
28.85,2021-12-16 00:00:00,HYPE3
24.88,2021-12-16 00:00:00,CPFE3
16.01,2021-12-16 00:00:00,RECV3
31.67,2021-12-16 00:00:00,RRRP3
22.91,2021-12-16 00:00:00,LOGN3
32.54,2021-12-16 00:00:00,ELET3
33.26,2021-12-16 00:00:00,SLCE3
35.86,2021-12-16 00:00:00,SMTO3
32.3,2021-12-17 00:00:00,RRRP3
15.83,2021-12-17 00:00:00,RECV3
33.07,2021-12-17 00:00:00,SLCE3
22.75,2021-12-17 00:00:00,LOGN3
25.28,2021-12-17 00:00:00,CPFE3
28.99,2021-12-17 00:00:00,HYPE3
35,2021-12-17 00:00:00,SMTO3
32.13,2021-12-17 00:00:00,ELET6
33.65,2021-12-17 00:00:00,ELET3
84.95,2021-12-17 00:00:00,UNIP6
32.18,2021-12-20 00:00:00,ELET3
31.13,2021-12-20 00:00:00,ELET6
28.42,2021-12-20 00:00:00,HYPE3
15.56,2021-12-20 00:00:00,RECV3
22.75,2021-12-20 00:00:00,LOGN3
33.92,2021-12-20 00:00:00,SMTO3
32.51,2021-12-20 00:00:00,SLCE3
24.91,2021-12-20 00:00:00,CPFE3
86.77,2021-12-20 00:00:00,UNIP6
30.3,2021-12-20 00:00:00,RRRP3
22.78,2021-12-21 00:00:00,LOGN3
34.05,2021-12-21 00:00:00,SMTO3
33.87,2021-12-21 00:00:00,SLCE3
30.84,2021-12-21 00:00:00,RRRP3
31.2,2021-12-21 00:00:00,ELET6
28.25,2021-12-21 00:00:00,HYPE3
84.82,2021-12-21 00:00:00,UNIP6
15.94,2021-12-21 00:00:00,RECV3
32.33,2021-12-21 00:00:00,ELET3
24.73,2021-12-21 00:00:00,CPFE3
31.79,2021-12-22 00:00:00,ELET6
33.06,2021-12-22 00:00:00,ELET3
22.8,2021-12-22 00:00:00,LOGN3
35.88,2021-12-22 00:00:00,SLCE3
83.09,2021-12-22 00:00:00,UNIP6
31.48,2021-12-22 00:00:00,RRRP3
27.97,2021-12-22 00:00:00,HYPE3
16.26,2021-12-22 00:00:00,RECV3
34.16,2021-12-22 00:00:00,SMTO3
24.69,2021-12-22 00:00:00,CPFE3
22.91,2021-12-23 00:00:00,LOGN3
32.64,2021-12-23 00:00:00,ELET3
31.27,2021-12-23 00:00:00,RRRP3
33.9,2021-12-23 00:00:00,SMTO3
31.42,2021-12-23 00:00:00,ELET6
85.84,2021-12-23 00:00:00,UNIP6
16.21,2021-12-23 00:00:00,RECV3
35.62,2021-12-23 00:00:00,SLCE3
27.93,2021-12-23 00:00:00,HYPE3
24.42,2021-12-23 00:00:00,CPFE3
31.77,2021-12-27 00:00:00,RRRP3
17.23,2021-12-27 00:00:00,RECV3
24.44,2021-12-27 00:00:00,CPFE3
28.23,2021-12-27 00:00:00,HYPE3
36.72,2021-12-27 00:00:00,SLCE3
32.62,2021-12-27 00:00:00,ELET3
87.14,2021-12-27 00:00:00,UNIP6
23.1,2021-12-27 00:00:00,LOGN3
34.05,2021-12-27 00:00:00,SMTO3
31.6,2021-12-27 00:00:00,ELET6
37.78,2021-12-28 00:00:00,SLCE3
32.07,2021-12-28 00:00:00,RRRP3
24.3,2021-12-28 00:00:00,CPFE3
28.59,2021-12-28 00:00:00,HYPE3
34.35,2021-12-28 00:00:00,SMTO3
88.2,2021-12-28 00:00:00,UNIP6
17.82,2021-12-28 00:00:00,RECV3
32.79,2021-12-28 00:00:00,ELET3
23.2,2021-12-28 00:00:00,LOGN3
31.62,2021-12-28 00:00:00,ELET6
27.77,2021-12-29 00:00:00,HYPE3
24.06,2021-12-29 00:00:00,CPFE3
17.27,2021-12-29 00:00:00,RECV3
23.5,2021-12-29 00:00:00,LOGN3
34.23,2021-12-29 00:00:00,SMTO3
90.23,2021-12-29 00:00:00,UNIP6
32.39,2021-12-29 00:00:00,ELET3
38.47,2021-12-29 00:00:00,SLCE3
33.48,2021-12-29 00:00:00,RRRP3
31.33,2021-12-29 00:00:00,ELET6
39.06,2021-12-30 00:00:00,SLCE3
33.55,2021-12-30 00:00:00,RRRP3
34.44,2021-12-30 00:00:00,SMTO3
18.57,2021-12-30 00:00:00,RECV3
91.41,2021-12-30 00:00:00,UNIP6
23.6,2021-12-30 00:00:00,LOGN3
24.42,2021-12-30 00:00:00,CPFE3
28.08,2021-12-30 00:00:00,HYPE3
32.8,2021-12-30 00:00:00,ELET3
31.76,2021-12-30 00:00:00,ELET6
17.45,2022-01-03 00:00:00,RECV3
27.26,2022-01-03 00:00:00,HYPE3
23.56,2022-01-03 00:00:00,CPFE3
33.57,2022-01-03 00:00:00,SMTO3
34.15,2022-01-03 00:00:00,RRRP3
32.03,2022-01-03 00:00:00,ELET3
90.05,2022-01-03 00:00:00,UNIP6
39.68,2022-01-03 00:00:00,SLCE3
23.7,2022-01-03 00:00:00,LOGN3
31.08,2022-01-03 00:00:00,ELET6
17.71,2022-01-04 00:00:00,RECV3
30.2,2022-01-04 00:00:00,ELET6
27.11,2022-01-04 00:00:00,HYPE3
23.76,2022-01-04 00:00:00,LOGN3
90.28,2022-01-04 00:00:00,UNIP6
23.49,2022-01-04 00:00:00,CPFE3
39.22,2022-01-04 00:00:00,SLCE3
34.35,2022-01-04 00:00:00,SMTO3
34.48,2022-01-04 00:00:00,RRRP3
31.34,2022-01-04 00:00:00,ELET3
31.22,2022-01-05 00:00:00,ELET3
23.67,2022-01-05 00:00:00,LOGN3
85.38,2022-01-05 00:00:00,UNIP6
16.29,2022-01-05 00:00:00,RECV3
33.44,2022-01-05 00:00:00,SMTO3
39.07,2022-01-05 00:00:00,SLCE3
26.63,2022-01-05 00:00:00,HYPE3
30.05,2022-01-05 00:00:00,ELET6
32.01,2022-01-05 00:00:00,RRRP3
23.11,2022-01-05 00:00:00,CPFE3
23.66,2022-01-06 00:00:00,LOGN3
22.57,2022-01-06 00:00:00,CPFE3
83.6,2022-01-06 00:00:00,UNIP6
26.9,2022-01-06 00:00:00,HYPE3
31.17,2022-01-06 00:00:00,ELET3
16.25,2022-01-06 00:00:00,RECV3
41.22,2022-01-06 00:00:00,SLCE3
31.81,2022-01-06 00:00:00,RRRP3
33.4,2022-01-06 00:00:00,SMTO3
30.02,2022-01-06 00:00:00,ELET6
29.02,2022-01-07 00:00:00,ELET6
41.02,2022-01-07 00:00:00,SLCE3
27.1,2022-01-07 00:00:00,HYPE3
33.51,2022-01-07 00:00:00,SMTO3
17.1,2022-01-07 00:00:00,RECV3
34,2022-01-07 00:00:00,RRRP3
23.07,2022-01-07 00:00:00,CPFE3
29.8,2022-01-07 00:00:00,ELET3
84.52,2022-01-07 00:00:00,UNIP6
23.8,2022-01-07 00:00:00,LOGN3
33.27,2022-01-10 00:00:00,SMTO3
26.58,2022-01-10 00:00:00,HYPE3
23.75,2022-01-10 00:00:00,LOGN3
34.51,2022-01-10 00:00:00,RRRP3
16.89,2022-01-10 00:00:00,RECV3
23.26,2022-01-10 00:00:00,CPFE3
28.32,2022-01-10 00:00:00,ELET6
41.72,2022-01-10 00:00:00,SLCE3
82.82,2022-01-10 00:00:00,UNIP6
28.94,2022-01-10 00:00:00,ELET3
23.23,2022-01-11 00:00:00,CPFE3
17.47,2022-01-11 00:00:00,RECV3
28.74,2022-01-11 00:00:00,ELET6
29.29,2022-01-11 00:00:00,ELET3
23.89,2022-01-11 00:00:00,LOGN3
41.69,2022-01-11 00:00:00,SLCE3
33.41,2022-01-11 00:00:00,SMTO3
26.53,2022-01-11 00:00:00,HYPE3
83.43,2022-01-11 00:00:00,UNIP6
36.3,2022-01-11 00:00:00,RRRP3
85.53,2022-01-12 00:00:00,UNIP6
18.39,2022-01-12 00:00:00,RECV3
29.9,2022-01-12 00:00:00,ELET6
36.08,2022-01-12 00:00:00,RRRP3
23.9,2022-01-12 00:00:00,CPFE3
30.83,2022-01-12 00:00:00,ELET3
24.2,2022-01-12 00:00:00,LOGN3
43.06,2022-01-12 00:00:00,SLCE3
26.58,2022-01-12 00:00:00,HYPE3
34.96,2022-01-12 00:00:00,SMTO3
21.09,2022-01-13 00:00:00,LOGN3
35.85,2022-01-13 00:00:00,RRRP3
30.84,2022-01-13 00:00:00,ELET3
26.9,2022-01-13 00:00:00,HYPE3
18.53,2022-01-13 00:00:00,RECV3
85.82,2022-01-13 00:00:00,UNIP6
35.28,2022-01-13 00:00:00,SMTO3
29.88,2022-01-13 00:00:00,ELET6
23.53,2022-01-13 00:00:00,CPFE3
43.12,2022-01-13 00:00:00,SLCE3
35.68,2022-01-14 00:00:00,SMTO3
36.69,2022-01-14 00:00:00,RRRP3
83.24,2022-01-14 00:00:00,UNIP6
27.81,2022-01-14 00:00:00,HYPE3
31.03,2022-01-14 00:00:00,ELET3
21.42,2022-01-14 00:00:00,LOGN3
23.62,2022-01-14 00:00:00,CPFE3
29.91,2022-01-14 00:00:00,ELET6
18.97,2022-01-14 00:00:00,RECV3
43.84,2022-01-14 00:00:00,SLCE3
34.89,2022-01-17 00:00:00,SMTO3
23.67,2022-01-17 00:00:00,CPFE3
30.06,2022-01-17 00:00:00,ELET6
31.11,2022-01-17 00:00:00,ELET3
82.39,2022-01-17 00:00:00,UNIP6
22.05,2022-01-17 00:00:00,LOGN3
27.63,2022-01-17 00:00:00,HYPE3
18.95,2022-01-17 00:00:00,RECV3
42.75,2022-01-17 00:00:00,SLCE3
36.55,2022-01-17 00:00:00,RRRP3
20.71,2022-01-18 00:00:00,LOGN3
30.12,2022-01-18 00:00:00,ELET6
19.08,2022-01-18 00:00:00,RECV3
35.02,2022-01-18 00:00:00,SMTO3
23.85,2022-01-18 00:00:00,CPFE3
36.51,2022-01-18 00:00:00,RRRP3
81.13,2022-01-18 00:00:00,UNIP6
27.84,2022-01-18 00:00:00,HYPE3
31.12,2022-01-18 00:00:00,ELET3
43.46,2022-01-18 00:00:00,SLCE3
31.12,2022-01-19 00:00:00,ELET6
20.7,2022-01-19 00:00:00,RECV3
36.79,2022-01-19 00:00:00,SMTO3
32.43,2022-01-19 00:00:00,ELET3
44.72,2022-01-19 00:00:00,SLCE3
28.23,2022-01-19 00:00:00,HYPE3
20.55,2022-01-19 00:00:00,LOGN3
24.28,2022-01-19 00:00:00,CPFE3
37.09,2022-01-19 00:00:00,RRRP3
81.38,2022-01-19 00:00:00,UNIP6
24.45,2022-01-20 00:00:00,CPFE3
32.83,2022-01-20 00:00:00,ELET3
80.72,2022-01-20 00:00:00,UNIP6
37.73,2022-01-20 00:00:00,SMTO3
36.5,2022-01-20 00:00:00,RRRP3
21.17,2022-01-20 00:00:00,LOGN3
31.43,2022-01-20 00:00:00,ELET6
20.04,2022-01-20 00:00:00,RECV3
44.11,2022-01-20 00:00:00,SLCE3
28.82,2022-01-20 00:00:00,HYPE3
24.64,2022-01-21 00:00:00,CPFE3
36,2022-01-21 00:00:00,RRRP3
20.89,2022-01-21 00:00:00,LOGN3
43.27,2022-01-21 00:00:00,SLCE3
36.7,2022-01-21 00:00:00,SMTO3
33.36,2022-01-21 00:00:00,ELET3
79.66,2022-01-21 00:00:00,UNIP6
20.04,2022-01-21 00:00:00,RECV3
32.18,2022-01-21 00:00:00,ELET6
29.26,2022-01-21 00:00:00,HYPE3
24.9,2022-01-24 00:00:00,CPFE3
81.2,2022-01-24 00:00:00,UNIP6
31.66,2022-01-24 00:00:00,ELET6
28.86,2022-01-24 00:00:00,HYPE3
35.52,2022-01-24 00:00:00,RRRP3
36.36,2022-01-24 00:00:00,SMTO3
19.52,2022-01-24 00:00:00,RECV3
32.7,2022-01-24 00:00:00,ELET3
43.04,2022-01-24 00:00:00,SLCE3
20.56,2022-01-24 00:00:00,LOGN3
20.26,2022-01-25 00:00:00,RECV3
82.36,2022-01-25 00:00:00,UNIP6
37.36,2022-01-25 00:00:00,RRRP3
33.4,2022-01-25 00:00:00,ELET3
36.72,2022-01-25 00:00:00,SMTO3
20.69,2022-01-25 00:00:00,LOGN3
29.26,2022-01-25 00:00:00,HYPE3
25.66,2022-01-25 00:00:00,CPFE3
43.98,2022-01-25 00:00:00,SLCE3
32.07,2022-01-25 00:00:00,ELET6
36.73,2022-01-26 00:00:00,SMTO3
25.65,2022-01-26 00:00:00,CPFE3
80.13,2022-01-26 00:00:00,UNIP6
20.44,2022-01-26 00:00:00,RECV3
20.69,2022-01-26 00:00:00,LOGN3
29.72,2022-01-26 00:00:00,HYPE3
44,2022-01-26 00:00:00,SLCE3
32.81,2022-01-26 00:00:00,ELET6
36.76,2022-01-26 00:00:00,RRRP3
34.45,2022-01-26 00:00:00,ELET3
79.89,2022-01-27 00:00:00,UNIP6
29.76,2022-01-27 00:00:00,HYPE3
20.98,2022-01-27 00:00:00,LOGN3
37.32,2022-01-27 00:00:00,RRRP3
36.56,2022-01-27 00:00:00,SMTO3
20.16,2022-01-27 00:00:00,RECV3
32.75,2022-01-27 00:00:00,ELET6
34.26,2022-01-27 00:00:00,ELET3
25.76,2022-01-27 00:00:00,CPFE3
43.45,2022-01-27 00:00:00,SLCE3
29.82,2022-01-28 00:00:00,HYPE3
21.38,2022-01-28 00:00:00,LOGN3
25.85,2022-01-28 00:00:00,CPFE3
33.32,2022-01-28 00:00:00,ELET6
19.93,2022-01-28 00:00:00,RECV3
82.16,2022-01-28 00:00:00,UNIP6
43.7,2022-01-28 00:00:00,SLCE3
37.74,2022-01-28 00:00:00,RRRP3
34.78,2022-01-28 00:00:00,ELET3
36.86,2022-01-28 00:00:00,SMTO3
36.74,2022-01-31 00:00:00,SMTO3
20.26,2022-01-31 00:00:00,RECV3
43.87,2022-01-31 00:00:00,SLCE3
30.9,2022-01-31 00:00:00,HYPE3
22.18,2022-01-31 00:00:00,LOGN3
34.64,2022-01-31 00:00:00,ELET3
83.14,2022-01-31 00:00:00,UNIP6
33.17,2022-01-31 00:00:00,ELET6
38.24,2022-01-31 00:00:00,RRRP3
26.34,2022-01-31 00:00:00,CPFE3
44.81,2022-02-01 00:00:00,SLCE3
32.57,2022-02-01 00:00:00,ELET6
30.93,2022-02-01 00:00:00,HYPE3
37.38,2022-02-01 00:00:00,SMTO3
33.98,2022-02-01 00:00:00,ELET3
26.43,2022-02-01 00:00:00,CPFE3
20.75,2022-02-01 00:00:00,RECV3
87.75,2022-02-01 00:00:00,UNIP6
37.3,2022-02-01 00:00:00,RRRP3
22.62,2022-02-01 00:00:00,LOGN3
30.71,2022-02-02 00:00:00,HYPE3
33.26,2022-02-02 00:00:00,ELET3
87.18,2022-02-02 00:00:00,UNIP6
31.56,2022-02-02 00:00:00,ELET6
20.79,2022-02-02 00:00:00,RECV3
36.92,2022-02-02 00:00:00,SMTO3
44.84,2022-02-02 00:00:00,SLCE3
25.83,2022-02-02 00:00:00,CPFE3
36.45,2022-02-02 00:00:00,RRRP3
22.54,2022-02-02 00:00:00,LOGN3
22.68,2022-02-03 00:00:00,LOGN3
84.66,2022-02-03 00:00:00,UNIP6
30.98,2022-02-03 00:00:00,HYPE3
26.24,2022-02-03 00:00:00,CPFE3
36.41,2022-02-03 00:00:00,SMTO3
44.91,2022-02-03 00:00:00,SLCE3
20.31,2022-02-03 00:00:00,RECV3
32.18,2022-02-03 00:00:00,ELET6
36.5,2022-02-03 00:00:00,RRRP3
33.71,2022-02-03 00:00:00,ELET3
33.07,2022-02-04 00:00:00,ELET3
23.31,2022-02-04 00:00:00,LOGN3
88.28,2022-02-04 00:00:00,UNIP6
30.68,2022-02-04 00:00:00,HYPE3
37.48,2022-02-04 00:00:00,RRRP3
36.74,2022-02-04 00:00:00,SMTO3
21.21,2022-02-04 00:00:00,RECV3
25.76,2022-02-04 00:00:00,CPFE3
31.9,2022-02-04 00:00:00,ELET6
45.21,2022-02-04 00:00:00,SLCE3
37.25,2022-02-07 00:00:00,RRRP3
30.86,2022-02-07 00:00:00,HYPE3
46.28,2022-02-07 00:00:00,SLCE3
88.44,2022-02-07 00:00:00,UNIP6
25.85,2022-02-07 00:00:00,CPFE3
31.52,2022-02-07 00:00:00,ELET6
32.84,2022-02-07 00:00:00,ELET3
23.37,2022-02-07 00:00:00,LOGN3
36.81,2022-02-07 00:00:00,SMTO3
20.4,2022-02-07 00:00:00,RECV3
24,2022-02-08 00:00:00,LOGN3
30.84,2022-02-08 00:00:00,HYPE3
31.3,2022-02-08 00:00:00,ELET6
25.94,2022-02-08 00:00:00,CPFE3
36.65,2022-02-08 00:00:00,RRRP3
36.34,2022-02-08 00:00:00,SMTO3
32.54,2022-02-08 00:00:00,ELET3
87.38,2022-02-08 00:00:00,UNIP6
19.95,2022-02-08 00:00:00,RECV3
45.7,2022-02-08 00:00:00,SLCE3
20.87,2022-02-09 00:00:00,RECV3
33.36,2022-02-09 00:00:00,ELET3
37.2,2022-02-09 00:00:00,SMTO3
31.98,2022-02-09 00:00:00,ELET6
26.14,2022-02-09 00:00:00,CPFE3
30.97,2022-02-09 00:00:00,HYPE3
24.2,2022-02-09 00:00:00,LOGN3
37.4,2022-02-09 00:00:00,RRRP3
87.75,2022-02-09 00:00:00,UNIP6
46,2022-02-09 00:00:00,SLCE3
46.51,2022-02-10 00:00:00,SLCE3
21.15,2022-02-10 00:00:00,RECV3
89.59,2022-02-10 00:00:00,UNIP6
30.82,2022-02-10 00:00:00,HYPE3
38.55,2022-02-10 00:00:00,RRRP3
24.25,2022-02-10 00:00:00,LOGN3
26.03,2022-02-10 00:00:00,CPFE3
37.66,2022-02-10 00:00:00,SMTO3
32.1,2022-02-10 00:00:00,ELET6
33.36,2022-02-10 00:00:00,ELET3
31.79,2022-02-11 00:00:00,ELET6
39.37,2022-02-11 00:00:00,RRRP3
37.66,2022-02-11 00:00:00,SMTO3
21.6,2022-02-11 00:00:00,RECV3
26.26,2022-02-11 00:00:00,CPFE3
45.54,2022-02-11 00:00:00,SLCE3
32.72,2022-02-11 00:00:00,ELET3
87.84,2022-02-11 00:00:00,UNIP6
24.24,2022-02-11 00:00:00,LOGN3
30.61,2022-02-11 00:00:00,HYPE3
26.52,2022-02-14 00:00:00,CPFE3
32.81,2022-02-14 00:00:00,ELET3
31.94,2022-02-14 00:00:00,HYPE3
87.66,2022-02-14 00:00:00,UNIP6
38.85,2022-02-14 00:00:00,RRRP3
46.15,2022-02-14 00:00:00,SLCE3
31.6,2022-02-14 00:00:00,ELET6
21.69,2022-02-14 00:00:00,RECV3
38.42,2022-02-14 00:00:00,SMTO3
25.25,2022-02-14 00:00:00,LOGN3
27.05,2022-02-15 00:00:00,CPFE3
38.9,2022-02-15 00:00:00,SMTO3
34.85,2022-02-15 00:00:00,ELET3
37.01,2022-02-15 00:00:00,RRRP3
85.45,2022-02-15 00:00:00,UNIP6
25.39,2022-02-15 00:00:00,LOGN3
21.4,2022-02-15 00:00:00,RECV3
33.67,2022-02-15 00:00:00,ELET6
43.93,2022-02-15 00:00:00,SLCE3
31.61,2022-02-15 00:00:00,HYPE3
21.39,2022-02-16 00:00:00,RECV3
26.15,2022-02-16 00:00:00,LOGN3
34.52,2022-02-16 00:00:00,ELET3
33.29,2022-02-16 00:00:00,ELET6
31.5,2022-02-16 00:00:00,HYPE3
37.15,2022-02-16 00:00:00,RRRP3
39.75,2022-02-16 00:00:00,SMTO3
85.92,2022-02-16 00:00:00,UNIP6
27.05,2022-02-16 00:00:00,CPFE3
43.28,2022-02-16 00:00:00,SLCE3
20.97,2022-02-17 00:00:00,RECV3
26.2,2022-02-17 00:00:00,LOGN3
39.65,2022-02-17 00:00:00,SMTO3
36.5,2022-02-17 00:00:00,RRRP3
83.94,2022-02-17 00:00:00,UNIP6
31.91,2022-02-17 00:00:00,HYPE3
34.53,2022-02-17 00:00:00,ELET3
42.99,2022-02-17 00:00:00,SLCE3
33.18,2022-02-17 00:00:00,ELET6
27.07,2022-02-17 00:00:00,CPFE3
41.6,2022-02-18 00:00:00,SLCE3
34.01,2022-02-18 00:00:00,ELET3
25.8,2022-02-18 00:00:00,LOGN3
39.18,2022-02-18 00:00:00,SMTO3
32.39,2022-02-18 00:00:00,HYPE3
27.1,2022-02-18 00:00:00,CPFE3
33.02,2022-02-18 00:00:00,ELET6
83.75,2022-02-18 00:00:00,UNIP6
20.34,2022-02-18 00:00:00,RECV3
35.66,2022-02-18 00:00:00,RRRP3
27.24,2022-02-21 00:00:00,CPFE3
24.9,2022-02-21 00:00:00,LOGN3
31.69,2022-02-21 00:00:00,HYPE3
37.04,2022-02-21 00:00:00,RRRP3
41.82,2022-02-21 00:00:00,SLCE3
32.36,2022-02-21 00:00:00,ELET6
38.26,2022-02-21 00:00:00,SMTO3
33.24,2022-02-21 00:00:00,ELET3
21,2022-02-21 00:00:00,RECV3
83.18,2022-02-21 00:00:00,UNIP6
39.1,2022-02-22 00:00:00,SMTO3
20.21,2022-02-22 00:00:00,RECV3
32.53,2022-02-22 00:00:00,HYPE3
33.48,2022-02-22 00:00:00,ELET3
25.38,2022-02-22 00:00:00,LOGN3
32.37,2022-02-22 00:00:00,ELET6
27.47,2022-02-22 00:00:00,CPFE3
36.1,2022-02-22 00:00:00,RRRP3
84.45,2022-02-22 00:00:00,UNIP6
41.67,2022-02-22 00:00:00,SLCE3
38.25,2022-02-23 00:00:00,SMTO3
27.97,2022-02-23 00:00:00,CPFE3
32.32,2022-02-23 00:00:00,HYPE3
33.43,2022-02-23 00:00:00,ELET6
34.2,2022-02-23 00:00:00,ELET3
24.87,2022-02-23 00:00:00,LOGN3
41.39,2022-02-23 00:00:00,SLCE3
83.96,2022-02-23 00:00:00,UNIP6
20.56,2022-02-23 00:00:00,RECV3
31.59,2022-02-23 00:00:00,RRRP3
33.18,2022-02-24 00:00:00,ELET3
24.9,2022-02-24 00:00:00,LOGN3
85.05,2022-02-24 00:00:00,UNIP6
27.77,2022-02-24 00:00:00,CPFE3
20.16,2022-02-24 00:00:00,RECV3
32.57,2022-02-24 00:00:00,ELET6
43.16,2022-02-24 00:00:00,SLCE3
32.37,2022-02-24 00:00:00,HYPE3
32.07,2022-02-24 00:00:00,RRRP3
39.63,2022-02-24 00:00:00,SMTO3
27.55,2022-02-25 00:00:00,CPFE3
41.95,2022-02-25 00:00:00,SLCE3
33.27,2022-02-25 00:00:00,HYPE3
24.95,2022-02-25 00:00:00,LOGN3
33.11,2022-02-25 00:00:00,ELET6
40.03,2022-02-25 00:00:00,SMTO3
34.13,2022-02-25 00:00:00,ELET3
20.52,2022-02-25 00:00:00,RECV3
33.88,2022-02-25 00:00:00,RRRP3
84.07,2022-02-25 00:00:00,UNIP6
33.12,2022-03-02 00:00:00,HYPE3
33.04,2022-03-02 00:00:00,ELET6
22.44,2022-03-02 00:00:00,RECV3
87.26,2022-03-02 00:00:00,UNIP6
38.26,2022-03-02 00:00:00,RRRP3
45.7,2022-03-02 00:00:00,SLCE3
33.87,2022-03-02 00:00:00,ELET3
24.84,2022-03-02 00:00:00,LOGN3
27.81,2022-03-02 00:00:00,CPFE3
42.46,2022-03-02 00:00:00,SMTO3
34.44,2022-03-03 00:00:00,ELET3
22.27,2022-03-03 00:00:00,RECV3
33.09,2022-03-03 00:00:00,HYPE3
43.16,2022-03-03 00:00:00,SMTO3
38.61,2022-03-03 00:00:00,RRRP3
33.77,2022-03-03 00:00:00,ELET6
87.57,2022-03-03 00:00:00,UNIP6
47.8,2022-03-03 00:00:00,SLCE3
27.52,2022-03-03 00:00:00,CPFE3
25.1,2022-03-03 00:00:00,LOGN3
22.08,2022-03-04 00:00:00,RECV3
32.15,2022-03-04 00:00:00,HYPE3
48.53,2022-03-04 00:00:00,SLCE3
87.31,2022-03-04 00:00:00,UNIP6
26.99,2022-03-04 00:00:00,CPFE3
43,2022-03-04 00:00:00,SMTO3
38.62,2022-03-04 00:00:00,RRRP3
24.48,2022-03-04 00:00:00,LOGN3
34.05,2022-03-04 00:00:00,ELET3
33.48,2022-03-04 00:00:00,ELET6
31.78,2022-03-07 00:00:00,HYPE3
51.13,2022-03-07 00:00:00,SLCE3
25.05,2022-03-07 00:00:00,LOGN3
21.45,2022-03-07 00:00:00,RECV3
31.61,2022-03-07 00:00:00,ELET6
38.3,2022-03-07 00:00:00,RRRP3
85.06,2022-03-07 00:00:00,UNIP6
42.01,2022-03-07 00:00:00,SMTO3
32.28,2022-03-07 00:00:00,ELET3
26.61,2022-03-07 00:00:00,CPFE3
32.17,2022-03-08 00:00:00,HYPE3
24.92,2022-03-08 00:00:00,LOGN3
26.94,2022-03-08 00:00:00,CPFE3
42.4,2022-03-08 00:00:00,SMTO3
49.86,2022-03-08 00:00:00,SLCE3
21.7,2022-03-08 00:00:00,RECV3
32.7,2022-03-08 00:00:00,ELET3
85.33,2022-03-08 00:00:00,UNIP6
39.06,2022-03-08 00:00:00,RRRP3
31.93,2022-03-08 00:00:00,ELET6
33.22,2022-03-09 00:00:00,ELET6
87.47,2022-03-09 00:00:00,UNIP6
27.54,2022-03-09 00:00:00,CPFE3
37.36,2022-03-09 00:00:00,RRRP3
43.89,2022-03-09 00:00:00,SMTO3
33.1,2022-03-09 00:00:00,HYPE3
25.11,2022-03-09 00:00:00,LOGN3
21.16,2022-03-09 00:00:00,RECV3
34.3,2022-03-09 00:00:00,ELET3
47.88,2022-03-09 00:00:00,SLCE3
89.87,2022-03-10 00:00:00,UNIP6
43.97,2022-03-10 00:00:00,SMTO3
48.25,2022-03-10 00:00:00,SLCE3
25.13,2022-03-10 00:00:00,LOGN3
27.86,2022-03-10 00:00:00,CPFE3
32.41,2022-03-10 00:00:00,HYPE3
34.04,2022-03-10 00:00:00,ELET3
36.94,2022-03-10 00:00:00,RRRP3
21.35,2022-03-10 00:00:00,RECV3
32.9,2022-03-10 00:00:00,ELET6
49.48,2022-03-11 00:00:00,SLCE3
36.04,2022-03-11 00:00:00,RRRP3
45.5,2022-03-11 00:00:00,SMTO3
33.4,2022-03-11 00:00:00,ELET3
88.37,2022-03-11 00:00:00,UNIP6
31.91,2022-03-11 00:00:00,HYPE3
32.32,2022-03-11 00:00:00,ELET6
24.78,2022-03-11 00:00:00,LOGN3
20.51,2022-03-11 00:00:00,RECV3
27.84,2022-03-11 00:00:00,CPFE3
24.19,2022-03-14 00:00:00,LOGN3
32.05,2022-03-14 00:00:00,ELET6
46.65,2022-03-14 00:00:00,SMTO3
19.23,2022-03-14 00:00:00,RECV3
89.36,2022-03-14 00:00:00,UNIP6
28.12,2022-03-14 00:00:00,CPFE3
31.98,2022-03-14 00:00:00,HYPE3
35.07,2022-03-14 00:00:00,RRRP3
48.25,2022-03-14 00:00:00,SLCE3
33.07,2022-03-14 00:00:00,ELET3
32.09,2022-03-15 00:00:00,ELET6
32.91,2022-03-15 00:00:00,HYPE3
34.85,2022-03-15 00:00:00,RRRP3
47.86,2022-03-15 00:00:00,SLCE3
89.81,2022-03-15 00:00:00,UNIP6
27.98,2022-03-15 00:00:00,CPFE3
24.97,2022-03-15 00:00:00,LOGN3
33.13,2022-03-15 00:00:00,ELET3
19.92,2022-03-15 00:00:00,RECV3
45.37,2022-03-15 00:00:00,SMTO3
33.45,2022-03-16 00:00:00,HYPE3
19.67,2022-03-16 00:00:00,RECV3
27.98,2022-03-16 00:00:00,CPFE3
32.32,2022-03-16 00:00:00,ELET6
32.84,2022-03-16 00:00:00,ELET3
46.6,2022-03-16 00:00:00,SLCE3
33.96,2022-03-16 00:00:00,RRRP3
25.19,2022-03-16 00:00:00,LOGN3
92.76,2022-03-16 00:00:00,UNIP6
43.86,2022-03-16 00:00:00,SMTO3
28.9,2022-03-17 00:00:00,CPFE3
25.13,2022-03-17 00:00:00,LOGN3
20.67,2022-03-17 00:00:00,RECV3
44.84,2022-03-17 00:00:00,SMTO3
34.25,2022-03-17 00:00:00,HYPE3
94.21,2022-03-17 00:00:00,UNIP6
32.88,2022-03-17 00:00:00,ELET6
35.51,2022-03-17 00:00:00,RRRP3
45.66,2022-03-17 00:00:00,SLCE3
33.47,2022-03-17 00:00:00,ELET3
95.1,2022-03-18 00:00:00,UNIP6
34.38,2022-03-18 00:00:00,HYPE3
47.5,2022-03-18 00:00:00,SMTO3
45.71,2022-03-18 00:00:00,SLCE3
29.34,2022-03-18 00:00:00,CPFE3
25.27,2022-03-18 00:00:00,LOGN3
34.42,2022-03-18 00:00:00,ELET3
33.67,2022-03-18 00:00:00,ELET6
21.9,2022-03-18 00:00:00,RECV3
36.51,2022-03-18 00:00:00,RRRP3
29.6,2022-03-21 00:00:00,CPFE3
46.54,2022-03-21 00:00:00,SLCE3
35.26,2022-03-21 00:00:00,HYPE3
25.17,2022-03-21 00:00:00,LOGN3
37.86,2022-03-21 00:00:00,RRRP3
46.95,2022-03-21 00:00:00,SMTO3
21.99,2022-03-21 00:00:00,RECV3
33.36,2022-03-21 00:00:00,ELET6
95.24,2022-03-21 00:00:00,UNIP6
34.01,2022-03-21 00:00:00,ELET3
34.43,2022-03-22 00:00:00,ELET6
35.96,2022-03-22 00:00:00,HYPE3
23.69,2022-03-22 00:00:00,RECV3
30,2022-03-22 00:00:00,CPFE3
93.19,2022-03-22 00:00:00,UNIP6
25.5,2022-03-22 00:00:00,LOGN3
38.6,2022-03-22 00:00:00,RRRP3
46.71,2022-03-22 00:00:00,SLCE3
35.19,2022-03-22 00:00:00,ELET3
45.56,2022-03-22 00:00:00,SMTO3
35.16,2022-03-23 00:00:00,ELET3
36.13,2022-03-23 00:00:00,HYPE3
46.37,2022-03-23 00:00:00,SMTO3
39.74,2022-03-23 00:00:00,RRRP3
25.64,2022-03-23 00:00:00,LOGN3
46.88,2022-03-23 00:00:00,SLCE3
24.92,2022-03-23 00:00:00,RECV3
34.21,2022-03-23 00:00:00,ELET6
93.62,2022-03-23 00:00:00,UNIP6
29.82,2022-03-23 00:00:00,CPFE3
46.28,2022-03-24 00:00:00,SMTO3
46.48,2022-03-24 00:00:00,SLCE3
39.9,2022-03-24 00:00:00,RRRP3
25.75,2022-03-24 00:00:00,LOGN3
25.91,2022-03-24 00:00:00,RECV3
30.35,2022-03-24 00:00:00,CPFE3
36.9,2022-03-24 00:00:00,HYPE3
92.92,2022-03-24 00:00:00,UNIP6
35.51,2022-03-24 00:00:00,ELET3
34.88,2022-03-24 00:00:00,ELET6
25.75,2022-03-25 00:00:00,LOGN3
38.29,2022-03-25 00:00:00,HYPE3
35.86,2022-03-25 00:00:00,ELET3
34.85,2022-03-25 00:00:00,ELET6
44.65,2022-03-25 00:00:00,SLCE3
40.4,2022-03-25 00:00:00,RRRP3
26.19,2022-03-25 00:00:00,RECV3
30.29,2022-03-25 00:00:00,CPFE3
45.67,2022-03-25 00:00:00,SMTO3
93.44,2022-03-25 00:00:00,UNIP6
38.1,2022-03-28 00:00:00,HYPE3
35.91,2022-03-28 00:00:00,ELET3
25.96,2022-03-28 00:00:00,LOGN3
30.11,2022-03-28 00:00:00,CPFE3
34.92,2022-03-28 00:00:00,ELET6
40.44,2022-03-28 00:00:00,RRRP3
44.71,2022-03-28 00:00:00,SLCE3
91.83,2022-03-28 00:00:00,UNIP6
45.55,2022-03-28 00:00:00,SMTO3
25.96,2022-03-28 00:00:00,RECV3
43.92,2022-03-29 00:00:00,SMTO3
92.17,2022-03-29 00:00:00,UNIP6
25.72,2022-03-29 00:00:00,RECV3
36.36,2022-03-29 00:00:00,ELET3
26.56,2022-03-29 00:00:00,LOGN3
41.48,2022-03-29 00:00:00,RRRP3
37.82,2022-03-29 00:00:00,HYPE3
30.13,2022-03-29 00:00:00,CPFE3
35.43,2022-03-29 00:00:00,ELET6
45.21,2022-03-29 00:00:00,SLCE3
46.66,2022-03-30 00:00:00,SLCE3
35.27,2022-03-30 00:00:00,ELET6
91.87,2022-03-30 00:00:00,UNIP6
43.37,2022-03-30 00:00:00,SMTO3
36.27,2022-03-30 00:00:00,ELET3
29.66,2022-03-30 00:00:00,CPFE3
38.23,2022-03-30 00:00:00,HYPE3
27.9,2022-03-30 00:00:00,LOGN3
24.92,2022-03-30 00:00:00,RECV3
42.2,2022-03-30 00:00:00,RRRP3
36.08,2022-03-31 00:00:00,ELET6
23.98,2022-03-31 00:00:00,RECV3
29.38,2022-03-31 00:00:00,CPFE3
44.36,2022-03-31 00:00:00,SMTO3
92.13,2022-03-31 00:00:00,UNIP6
37.28,2022-03-31 00:00:00,ELET3
47.52,2022-03-31 00:00:00,SLCE3
38.71,2022-03-31 00:00:00,HYPE3
41.85,2022-03-31 00:00:00,RRRP3
28.19,2022-03-31 00:00:00,LOGN3
44.4,2022-04-01 00:00:00,SMTO3
30.34,2022-04-01 00:00:00,CPFE3
42.3,2022-04-01 00:00:00,RRRP3
28.5,2022-04-01 00:00:00,LOGN3
38.58,2022-04-01 00:00:00,ELET3
48.07,2022-04-01 00:00:00,SLCE3
39.22,2022-04-01 00:00:00,HYPE3
24.17,2022-04-01 00:00:00,RECV3
37.41,2022-04-01 00:00:00,ELET6
90.54,2022-04-01 00:00:00,UNIP6
23.62,2022-04-04 00:00:00,RECV3
30.13,2022-04-04 00:00:00,CPFE3
44.84,2022-04-04 00:00:00,SMTO3
39,2022-04-04 00:00:00,HYPE3
38.87,2022-04-04 00:00:00,ELET3
42.78,2022-04-04 00:00:00,RRRP3
28.57,2022-04-04 00:00:00,LOGN3
88.99,2022-04-04 00:00:00,UNIP6
37.64,2022-04-04 00:00:00,ELET6
47.56,2022-04-04 00:00:00,SLCE3
39.05,2022-04-05 00:00:00,HYPE3
37.37,2022-04-05 00:00:00,ELET3
36.17,2022-04-05 00:00:00,ELET6
30.12,2022-04-05 00:00:00,CPFE3
28.95,2022-04-05 00:00:00,LOGN3
47.14,2022-04-05 00:00:00,SLCE3
23.73,2022-04-05 00:00:00,RECV3
43.4,2022-04-05 00:00:00,RRRP3
45.48,2022-04-05 00:00:00,SMTO3
89.91,2022-04-05 00:00:00,UNIP6
44.07,2022-04-06 00:00:00,RRRP3
38.81,2022-04-06 00:00:00,HYPE3
30.27,2022-04-06 00:00:00,CPFE3
91.1,2022-04-06 00:00:00,UNIP6
28.46,2022-04-06 00:00:00,LOGN3
37.23,2022-04-06 00:00:00,ELET6
38.77,2022-04-06 00:00:00,ELET3
23.41,2022-04-06 00:00:00,RECV3
46.05,2022-04-06 00:00:00,SMTO3
46.92,2022-04-06 00:00:00,SLCE3
38.27,2022-04-07 00:00:00,ELET6
45.13,2022-04-07 00:00:00,SLCE3
90.8,2022-04-07 00:00:00,UNIP6
30.45,2022-04-07 00:00:00,CPFE3
39.99,2022-04-07 00:00:00,ELET3
44.14,2022-04-07 00:00:00,RRRP3
23.94,2022-04-07 00:00:00,RECV3
27.93,2022-04-07 00:00:00,LOGN3
45.84,2022-04-07 00:00:00,SMTO3
38.62,2022-04-07 00:00:00,HYPE3
38.92,2022-04-08 00:00:00,HYPE3
46.59,2022-04-08 00:00:00,SMTO3
88.76,2022-04-08 00:00:00,UNIP6
44.1,2022-04-08 00:00:00,RRRP3
46,2022-04-08 00:00:00,SLCE3
30.8,2022-04-08 00:00:00,CPFE3
27.28,2022-04-08 00:00:00,LOGN3
23.38,2022-04-08 00:00:00,RECV3
39.8,2022-04-08 00:00:00,ELET6
42.11,2022-04-08 00:00:00,ELET3
39.3,2022-04-11 00:00:00,HYPE3
88.41,2022-04-11 00:00:00,UNIP6
46.18,2022-04-11 00:00:00,SMTO3
40.96,2022-04-11 00:00:00,ELET3
44.14,2022-04-11 00:00:00,RRRP3
38.99,2022-04-11 00:00:00,ELET6
46.5,2022-04-11 00:00:00,SLCE3
22.71,2022-04-11 00:00:00,RECV3
27.31,2022-04-11 00:00:00,LOGN3
30.84,2022-04-11 00:00:00,CPFE3
23.62,2022-04-12 00:00:00,RECV3
88.25,2022-04-12 00:00:00,UNIP6
27.6,2022-04-12 00:00:00,LOGN3
44.23,2022-04-12 00:00:00,RRRP3
41.47,2022-04-12 00:00:00,ELET3
30.8,2022-04-12 00:00:00,CPFE3
39.29,2022-04-12 00:00:00,HYPE3
46.4,2022-04-12 00:00:00,SMTO3
39.43,2022-04-12 00:00:00,ELET6
45.91,2022-04-12 00:00:00,SLCE3
40.93,2022-04-13 00:00:00,ELET6
45.11,2022-04-13 00:00:00,RRRP3
39.39,2022-04-13 00:00:00,HYPE3
46.55,2022-04-13 00:00:00,SMTO3
87.93,2022-04-13 00:00:00,UNIP6
31.4,2022-04-13 00:00:00,CPFE3
45.55,2022-04-13 00:00:00,SLCE3
24.84,2022-04-13 00:00:00,RECV3
42.6,2022-04-13 00:00:00,ELET3
28.94,2022-04-13 00:00:00,LOGN3
42.6,2022-04-14 00:00:00,ELET3
88.17,2022-04-14 00:00:00,UNIP6
28.94,2022-04-14 00:00:00,LOGN3
40.97,2022-04-14 00:00:00,ELET6
44.4,2022-04-14 00:00:00,RRRP3
46.56,2022-04-14 00:00:00,SMTO3
31.96,2022-04-14 00:00:00,CPFE3
38.74,2022-04-14 00:00:00,HYPE3
45.91,2022-04-14 00:00:00,SLCE3
24.82,2022-04-14 00:00:00,RECV3
24.71,2022-04-18 00:00:00,RECV3
40.21,2022-04-18 00:00:00,ELET6
38.66,2022-04-18 00:00:00,HYPE3
46.56,2022-04-18 00:00:00,SMTO3
88.22,2022-04-18 00:00:00,UNIP6
47.63,2022-04-18 00:00:00,SLCE3
44.71,2022-04-18 00:00:00,RRRP3
28.23,2022-04-18 00:00:00,LOGN3
41.69,2022-04-18 00:00:00,ELET3
32.41,2022-04-18 00:00:00,CPFE3
39.85,2022-04-19 00:00:00,ELET3
46.65,2022-04-19 00:00:00,SMTO3
38.88,2022-04-19 00:00:00,ELET6
47.75,2022-04-19 00:00:00,SLCE3
43.26,2022-04-19 00:00:00,RRRP3
24.71,2022-04-19 00:00:00,RECV3
37.88,2022-04-19 00:00:00,HYPE3
32.02,2022-04-19 00:00:00,CPFE3
27.25,2022-04-19 00:00:00,LOGN3
92.16,2022-04-19 00:00:00,UNIP6
32.12,2022-04-20 00:00:00,CPFE3
41.42,2022-04-20 00:00:00,ELET3
40.67,2022-04-20 00:00:00,ELET6
43.79,2022-04-20 00:00:00,RRRP3
48.39,2022-04-20 00:00:00,SLCE3
46.61,2022-04-20 00:00:00,SMTO3
93.14,2022-04-20 00:00:00,UNIP6
27.4,2022-04-20 00:00:00,LOGN3
37.8,2022-04-20 00:00:00,HYPE3
24.93,2022-04-20 00:00:00,RECV3
39.05,2022-04-22 00:00:00,ELET6
24.44,2022-04-22 00:00:00,RECV3
92.12,2022-04-22 00:00:00,UNIP6
39.37,2022-04-22 00:00:00,ELET3
31.78,2022-04-22 00:00:00,CPFE3
37.8,2022-04-22 00:00:00,HYPE3
47.76,2022-04-22 00:00:00,SLCE3
43.46,2022-04-22 00:00:00,RRRP3
26.71,2022-04-22 00:00:00,LOGN3
46.05,2022-04-22 00:00:00,SMTO3
32.17,2022-04-25 00:00:00,CPFE3
43.37,2022-04-25 00:00:00,RRRP3
23.82,2022-04-25 00:00:00,RECV3
39.84,2022-04-25 00:00:00,ELET6
26.71,2022-04-25 00:00:00,LOGN3
40.24,2022-04-25 00:00:00,ELET3
47.46,2022-04-25 00:00:00,SLCE3
95.5,2022-04-25 00:00:00,UNIP6
45.15,2022-04-25 00:00:00,SMTO3
37.55,2022-04-25 00:00:00,HYPE3
45.17,2022-04-26 00:00:00,SMTO3
36.77,2022-04-26 00:00:00,HYPE3
44.34,2022-04-26 00:00:00,RRRP3
95.75,2022-04-26 00:00:00,UNIP6
39.26,2022-04-26 00:00:00,ELET6
32.76,2022-04-26 00:00:00,CPFE3
39.54,2022-04-26 00:00:00,ELET3
24.46,2022-04-26 00:00:00,RECV3
26.15,2022-04-26 00:00:00,LOGN3
50.81,2022-04-26 00:00:00,SLCE3
26.44,2022-04-27 00:00:00,LOGN3
40.18,2022-04-27 00:00:00,ELET3
40.05,2022-04-27 00:00:00,ELET6
33.31,2022-04-27 00:00:00,CPFE3
23.8,2022-04-27 00:00:00,RECV3
43.6,2022-04-27 00:00:00,RRRP3
47.23,2022-04-27 00:00:00,SMTO3
37.03,2022-04-27 00:00:00,HYPE3
96.93,2022-04-27 00:00:00,UNIP6
52.02,2022-04-27 00:00:00,SLCE3
47.34,2022-04-28 00:00:00,SMTO3
40.24,2022-04-28 00:00:00,ELET6
27.22,2022-04-28 00:00:00,LOGN3
33.18,2022-04-28 00:00:00,CPFE3
38.15,2022-04-28 00:00:00,HYPE3
52.44,2022-04-28 00:00:00,SLCE3
40.66,2022-04-28 00:00:00,ELET3
45,2022-04-28 00:00:00,RRRP3
24.89,2022-04-28 00:00:00,RECV3
96.8,2022-04-28 00:00:00,UNIP6
40.48,2022-04-29 00:00:00,ELET3
46.41,2022-04-29 00:00:00,SMTO3
50.48,2022-04-29 00:00:00,SLCE3
96.01,2022-04-29 00:00:00,UNIP6
32.91,2022-04-29 00:00:00,CPFE3
26.38,2022-04-29 00:00:00,LOGN3
46.23,2022-04-29 00:00:00,RRRP3
37.42,2022-04-29 00:00:00,HYPE3
40.15,2022-04-29 00:00:00,ELET6
25.29,2022-04-29 00:00:00,RECV3
23.95,2022-05-02 00:00:00,RECV3
37.05,2022-05-02 00:00:00,HYPE3
43.87,2022-05-02 00:00:00,RRRP3
32.2,2022-05-02 00:00:00,CPFE3
98.13,2022-05-02 00:00:00,UNIP6
38.9,2022-05-02 00:00:00,ELET6
44.47,2022-05-02 00:00:00,SMTO3
39.07,2022-05-02 00:00:00,ELET3
51.11,2022-05-02 00:00:00,SLCE3
25.65,2022-05-02 00:00:00,LOGN3
43.56,2022-05-03 00:00:00,RRRP3
25.99,2022-05-03 00:00:00,LOGN3
36.52,2022-05-03 00:00:00,HYPE3
24.63,2022-05-03 00:00:00,RECV3
38.85,2022-05-03 00:00:00,ELET3
44.62,2022-05-03 00:00:00,SMTO3
54.53,2022-05-03 00:00:00,SLCE3
98.9,2022-05-03 00:00:00,UNIP6
32.4,2022-05-03 00:00:00,CPFE3
38.62,2022-05-03 00:00:00,ELET6
37.58,2022-05-04 00:00:00,HYPE3
33.15,2022-05-04 00:00:00,CPFE3
46.18,2022-05-04 00:00:00,SMTO3
27.11,2022-05-04 00:00:00,LOGN3
25.6,2022-05-04 00:00:00,RECV3
45.6,2022-05-04 00:00:00,RRRP3
100.75,2022-05-04 00:00:00,UNIP6
39.47,2022-05-04 00:00:00,ELET6
53.9,2022-05-04 00:00:00,SLCE3
39.75,2022-05-04 00:00:00,ELET3
39.11,2022-05-05 00:00:00,ELET3
98.18,2022-05-05 00:00:00,UNIP6
35.68,2022-05-05 00:00:00,HYPE3
53,2022-05-05 00:00:00,SLCE3
44.38,2022-05-05 00:00:00,RRRP3
25.38,2022-05-05 00:00:00,RECV3
32.82,2022-05-05 00:00:00,CPFE3
27.11,2022-05-05 00:00:00,LOGN3
44.42,2022-05-05 00:00:00,SMTO3
38.67,2022-05-05 00:00:00,ELET6
25.65,2022-05-06 00:00:00,RECV3
44.05,2022-05-06 00:00:00,SMTO3
96.59,2022-05-06 00:00:00,UNIP6
38.67,2022-05-06 00:00:00,ELET3
33.33,2022-05-06 00:00:00,CPFE3
52.87,2022-05-06 00:00:00,SLCE3
44,2022-05-06 00:00:00,RRRP3
35.73,2022-05-06 00:00:00,HYPE3
26.29,2022-05-06 00:00:00,LOGN3
38.27,2022-05-06 00:00:00,ELET6
40.17,2022-05-09 00:00:00,RRRP3
24.15,2022-05-09 00:00:00,RECV3
38.53,2022-05-09 00:00:00,ELET6
43.53,2022-05-09 00:00:00,SMTO3
35.46,2022-05-09 00:00:00,HYPE3
33.85,2022-05-09 00:00:00,CPFE3
51.36,2022-05-09 00:00:00,SLCE3
25.7,2022-05-09 00:00:00,LOGN3
38.95,2022-05-09 00:00:00,ELET3
93.14,2022-05-09 00:00:00,UNIP6
39.09,2022-05-10 00:00:00,ELET6
51.17,2022-05-10 00:00:00,SLCE3
35.4,2022-05-10 00:00:00,HYPE3
26.92,2022-05-10 00:00:00,LOGN3
43.87,2022-05-10 00:00:00,SMTO3
24.75,2022-05-10 00:00:00,RECV3
39.88,2022-05-10 00:00:00,ELET3
40.46,2022-05-10 00:00:00,RRRP3
33.75,2022-05-10 00:00:00,CPFE3
94.18,2022-05-10 00:00:00,UNIP6
41.52,2022-05-11 00:00:00,RRRP3
39.75,2022-05-11 00:00:00,ELET3
38.86,2022-05-11 00:00:00,ELET6
28.58,2022-05-11 00:00:00,LOGN3
52.5,2022-05-11 00:00:00,SLCE3
25.42,2022-05-11 00:00:00,RECV3
44.29,2022-05-11 00:00:00,SMTO3
96.47,2022-05-11 00:00:00,UNIP6
33.36,2022-05-11 00:00:00,CPFE3
36.06,2022-05-11 00:00:00,HYPE3
51.64,2022-05-12 00:00:00,SLCE3
36.84,2022-05-12 00:00:00,HYPE3
40.16,2022-05-12 00:00:00,ELET3
46.18,2022-05-12 00:00:00,SMTO3
39.63,2022-05-12 00:00:00,ELET6
29.73,2022-05-12 00:00:00,LOGN3
41.09,2022-05-12 00:00:00,RRRP3
95.4,2022-05-12 00:00:00,UNIP6
26.16,2022-05-12 00:00:00,RECV3
33.92,2022-05-12 00:00:00,CPFE3
41.3,2022-05-13 00:00:00,ELET3
51.99,2022-05-13 00:00:00,SLCE3
37.27,2022-05-13 00:00:00,HYPE3
98.13,2022-05-13 00:00:00,UNIP6
27,2022-05-13 00:00:00,RECV3
42.27,2022-05-13 00:00:00,RRRP3
47.06,2022-05-13 00:00:00,SMTO3
35.2,2022-05-13 00:00:00,CPFE3
28.7,2022-05-13 00:00:00,LOGN3
40.33,2022-05-13 00:00:00,ELET6
37.06,2022-05-16 00:00:00,HYPE3
43.03,2022-05-16 00:00:00,RRRP3
28.76,2022-05-16 00:00:00,LOGN3
54.81,2022-05-16 00:00:00,SLCE3
26.49,2022-05-16 00:00:00,RECV3
35.41,2022-05-16 00:00:00,CPFE3
100.46,2022-05-16 00:00:00,UNIP6
41.92,2022-05-16 00:00:00,ELET3
48.06,2022-05-16 00:00:00,SMTO3
41.2,2022-05-16 00:00:00,ELET6
49.85,2022-05-17 00:00:00,SMTO3
29.52,2022-05-17 00:00:00,LOGN3
55.22,2022-05-17 00:00:00,SLCE3
27.09,2022-05-17 00:00:00,RECV3
36.58,2022-05-17 00:00:00,CPFE3
43.17,2022-05-17 00:00:00,RRRP3
37.45,2022-05-17 00:00:00,HYPE3
100.75,2022-05-17 00:00:00,UNIP6
42.44,2022-05-17 00:00:00,ELET6
43.53,2022-05-17 00:00:00,ELET3
25.8,2022-05-18 00:00:00,RECV3
47.19,2022-05-18 00:00:00,SMTO3
35.77,2022-05-18 00:00:00,CPFE3
30.27,2022-05-18 00:00:00,LOGN3
41.36,2022-05-18 00:00:00,RRRP3
36.07,2022-05-18 00:00:00,HYPE3
42.59,2022-05-18 00:00:00,ELET3
52.89,2022-05-18 00:00:00,SLCE3
98.64,2022-05-18 00:00:00,UNIP6
42.13,2022-05-18 00:00:00,ELET6
36.92,2022-05-19 00:00:00,HYPE3
43.88,2022-05-19 00:00:00,ELET3
41.83,2022-05-19 00:00:00,RRRP3
101.01,2022-05-19 00:00:00,UNIP6
52.99,2022-05-19 00:00:00,SLCE3
43.2,2022-05-19 00:00:00,ELET6
36.4,2022-05-19 00:00:00,CPFE3
27.5,2022-05-19 00:00:00,RECV3
30.42,2022-05-19 00:00:00,LOGN3
46.17,2022-05-19 00:00:00,SMTO3
53.12,2022-05-20 00:00:00,SLCE3
103.2,2022-05-20 00:00:00,UNIP6
32.2,2022-05-20 00:00:00,LOGN3
43.11,2022-05-20 00:00:00,ELET6
46.12,2022-05-20 00:00:00,SMTO3
43.97,2022-05-20 00:00:00,ELET3
42.56,2022-05-20 00:00:00,RRRP3
28.36,2022-05-20 00:00:00,RECV3
38.76,2022-05-20 00:00:00,HYPE3
36.43,2022-05-20 00:00:00,CPFE3
39.05,2022-05-23 00:00:00,HYPE3
43.82,2022-05-23 00:00:00,ELET3
35.71,2022-05-23 00:00:00,CPFE3
102.67,2022-05-23 00:00:00,UNIP6
52.1,2022-05-23 00:00:00,SLCE3
46.47,2022-05-23 00:00:00,SMTO3
28.03,2022-05-23 00:00:00,RECV3
42.63,2022-05-23 00:00:00,ELET6
31.96,2022-05-23 00:00:00,LOGN3
43.72,2022-05-23 00:00:00,RRRP3
101.93,2022-05-24 00:00:00,UNIP6
36.6,2022-05-24 00:00:00,CPFE3
53.8,2022-05-24 00:00:00,SLCE3
44.69,2022-05-24 00:00:00,ELET3
39.65,2022-05-24 00:00:00,HYPE3
33.12,2022-05-24 00:00:00,LOGN3
47.62,2022-05-24 00:00:00,SMTO3
28.1,2022-05-24 00:00:00,RECV3
45.2,2022-05-24 00:00:00,RRRP3
43.5,2022-05-24 00:00:00,ELET6
33.9,2022-05-25 00:00:00,LOGN3
46.6,2022-05-25 00:00:00,RRRP3
43.62,2022-05-25 00:00:00,ELET6
47.72,2022-05-25 00:00:00,SMTO3
29.32,2022-05-25 00:00:00,RECV3
102.71,2022-05-25 00:00:00,UNIP6
35.74,2022-05-25 00:00:00,CPFE3
44.92,2022-05-25 00:00:00,ELET3
53.05,2022-05-25 00:00:00,SLCE3
40.4,2022-05-25 00:00:00,HYPE3
40.08,2022-05-26 00:00:00,HYPE3
43.8,2022-05-26 00:00:00,ELET3
47.23,2022-05-26 00:00:00,SMTO3
29.06,2022-05-26 00:00:00,RECV3
34.05,2022-05-26 00:00:00,LOGN3
48.18,2022-05-26 00:00:00,RRRP3
54.2,2022-05-26 00:00:00,SLCE3
42.3,2022-05-26 00:00:00,ELET6
34.83,2022-05-26 00:00:00,CPFE3
99.6,2022-05-26 00:00:00,UNIP6
34.55,2022-05-27 00:00:00,CPFE3
39.11,2022-05-27 00:00:00,HYPE3
33.62,2022-05-27 00:00:00,LOGN3
55.51,2022-05-27 00:00:00,SLCE3
43.46,2022-05-27 00:00:00,ELET3
48.96,2022-05-27 00:00:00,RRRP3
48.86,2022-05-27 00:00:00,SMTO3
30,2022-05-27 00:00:00,RECV3
42.76,2022-05-27 00:00:00,ELET6
99.4,2022-05-27 00:00:00,UNIP6
33.63,2022-05-30 00:00:00,LOGN3
49.1,2022-05-30 00:00:00,SMTO3
100.42,2022-05-30 00:00:00,UNIP6
34.7,2022-05-30 00:00:00,CPFE3
41.29,2022-05-30 00:00:00,ELET6
42,2022-05-30 00:00:00,ELET3
55.5,2022-05-30 00:00:00,SLCE3
29.65,2022-05-30 00:00:00,RECV3
38.6,2022-05-30 00:00:00,HYPE3
49.31,2022-05-30 00:00:00,RRRP3
54.85,2022-05-31 00:00:00,SLCE3
48.75,2022-05-31 00:00:00,RRRP3
42.14,2022-05-31 00:00:00,ELET3
50.39,2022-05-31 00:00:00,SMTO3
33.7,2022-05-31 00:00:00,CPFE3
28.73,2022-05-31 00:00:00,RECV3
100.52,2022-05-31 00:00:00,UNIP6
38.79,2022-05-31 00:00:00,HYPE3
34.04,2022-05-31 00:00:00,LOGN3
41.63,2022-05-31 00:00:00,ELET6
55.65,2022-06-01 00:00:00,SLCE3
28.41,2022-06-01 00:00:00,RECV3
34.41,2022-06-01 00:00:00,LOGN3
48.77,2022-06-01 00:00:00,RRRP3
51.99,2022-06-01 00:00:00,SMTO3
43,2022-06-01 00:00:00,ELET3
102.24,2022-06-01 00:00:00,UNIP6
34.55,2022-06-01 00:00:00,CPFE3
41.76,2022-06-01 00:00:00,HYPE3
42.01,2022-06-01 00:00:00,ELET6
42.65,2022-06-02 00:00:00,ELET6
43.33,2022-06-02 00:00:00,ELET3
41.72,2022-06-02 00:00:00,HYPE3
48.56,2022-06-02 00:00:00,RRRP3
36.28,2022-06-02 00:00:00,CPFE3
52.3,2022-06-02 00:00:00,SMTO3
34.63,2022-06-02 00:00:00,LOGN3
57.65,2022-06-02 00:00:00,SLCE3
102.24,2022-06-02 00:00:00,UNIP6
28.11,2022-06-02 00:00:00,RECV3
34.12,2022-06-03 00:00:00,LOGN3
99.62,2022-06-03 00:00:00,UNIP6
41.96,2022-06-03 00:00:00,ELET3
27.42,2022-06-03 00:00:00,RECV3
41.7,2022-06-03 00:00:00,ELET6
51.65,2022-06-03 00:00:00,SMTO3
35.4,2022-06-03 00:00:00,CPFE3
48.6,2022-06-03 00:00:00,RRRP3
56.48,2022-06-03 00:00:00,SLCE3
42.05,2022-06-03 00:00:00,HYPE3
34.29,2022-06-06 00:00:00,CPFE3
99.78,2022-06-06 00:00:00,UNIP6
34.13,2022-06-06 00:00:00,LOGN3
54.59,2022-06-06 00:00:00,SLCE3
26.12,2022-06-06 00:00:00,RECV3
41.9,2022-06-06 00:00:00,ELET3
46.86,2022-06-06 00:00:00,RRRP3
41.45,2022-06-06 00:00:00,ELET6
41.84,2022-06-06 00:00:00,HYPE3
51.09,2022-06-06 00:00:00,SMTO3
46.86,2022-06-07 00:00:00,RRRP3
97.51,2022-06-07 00:00:00,UNIP6
41.35,2022-06-07 00:00:00,ELET6
48.29,2022-06-07 00:00:00,SMTO3
25.74,2022-06-07 00:00:00,RECV3
34.71,2022-06-07 00:00:00,CPFE3
41.8,2022-06-07 00:00:00,ELET3
53.16,2022-06-07 00:00:00,SLCE3
40.93,2022-06-07 00:00:00,HYPE3
34.13,2022-06-07 00:00:00,LOGN3
42.14,2022-06-08 00:00:00,ELET3
46.79,2022-06-08 00:00:00,RRRP3
39.93,2022-06-08 00:00:00,HYPE3
53.37,2022-06-08 00:00:00,SLCE3
33.91,2022-06-08 00:00:00,LOGN3
41.63,2022-06-08 00:00:00,ELET6
97.59,2022-06-08 00:00:00,UNIP6
34.05,2022-06-08 00:00:00,CPFE3
46.61,2022-06-08 00:00:00,SMTO3
26.48,2022-06-08 00:00:00,RECV3
33.25,2022-06-09 00:00:00,CPFE3
97.39,2022-06-09 00:00:00,UNIP6
53.87,2022-06-09 00:00:00,SLCE3
46.64,2022-06-09 00:00:00,SMTO3
33.82,2022-06-09 00:00:00,LOGN3
26.72,2022-06-09 00:00:00,RECV3
46.76,2022-06-09 00:00:00,RRRP3
39.78,2022-06-09 00:00:00,HYPE3
43.4,2022-06-09 00:00:00,ELET3
42.46,2022-06-09 00:00:00,ELET6
